ID,Tipo,SKU,Nombre,Publicado,ÀEst‡ destacado?,Visibilidad en el cat‡logo,Descripci—n corta,Descripci—n,D’a en que empieza el precio rebajado,D’a en que termina el precio rebajado,Estado del impuesto,Clase de impuesto,ÀEn inventario?,Inventario,Cantidad de bajo inventario,ÀPermitir reservas de productos agotados?,ÀVendido individualmente?,Peso (kg),Longitud (cm),Anchura (cm),Altura (cm),ÀPermitir valoraciones de clientes?,Nota de compra,Precio rebajado,Precio normal,Categor’as,Etiquetas,Clase de env’o,Im‡genes,L’mite de descargas,D’as de caducidad de la descarga,Superior,Productos agrupados,Ventas dirigidas,Ventas cruzadas,URL externa,Texto del bot—n,Posici—n,Nombre del atributo 1,Valor(es) del atributo 1,Atributo visible 1,Atributo global 1,Nombre del atributo 2,Valor(es) del atributo 2,Atributo visible 2,Atributo global 2,Nombre del atributo 3,Valor(es) del atributo 3,Atributo visible 3,Atributo global 3,Nombre del atributo 4,Valor(es) del atributo 4,Atributo visible 4,Atributo global 4
,,70010339,COWBOY 1.2 KG VGR BLACK,1,1,visible,COWBOY calidad Choice marca Vigar.\nPeso Aproximado 1.2 kg.\n1 pieza,"El Cowboy de 1.2 Kg de Vigar Black, calidad Choise, son porciones grandes extra’das a partir del costillar. El hueso de la costilla es recortado de la carne intercostal de forma que quede expuesto desde el borde ventral del longissimus dorsi hasta el extremo de la costilla. Ideal para conocedores de carne de alta calidad que pueden obtener el m‡ximo sabor de la pieza en el asador. Excelente por su tama_o para difrutarlo en compa_’a.",,,none,tasa-cero,1,,,0,0,,,,,0,,,$763,Carne de Res,,Repartidor,http://localhost/meatindeed/wp-content/uploads/2022/01/70010339.jpg,,,,,,,,,0,Peso aprox,1.2 Kg,1,0,Calidad,CHOICE,1,1,Marca,VIGAR,1,1,Piezas,1,1,1
,,70011363,RIBEYE 500 G VGR BLACK,1,1,visible,RIBEYE calidad Choice marca Vigar.\nPeso Aproximado 500 g.\n1 pieza,"El Ribeye de 500 gm consiste en una carne de porciones individuales de 1/2"" extra’das a partir del corte del Beef Rib. La pieza se distingue por ser uno de los cortes finos con buena suavidad, sabor y jugosidad gracias al conjunto de mœsculos que lo conforman. Marca Vigar Black, calidad Choise. Es una variedad que puede satisfacer a los clientes m‡s exigentes.",,,none,tasa-cero,1,,,0,0,,,,,0,,,$788,Carne de Res,,Repartidor,"http://localhost/meatindeed/wp-content/uploads/2022/01/70011363.jpg, http://localhost/meatindeed/wp-content/uploads/2022/01/70011363-2.jpg",,,,,,,,,0,Peso aprox,500 g,1,0,Calidad,CHOICE,1,1,Marca,VIGAR,1,1,Piezas,1,1,1
,,70011367,RIBEYE 800 G VGR BLACK,1,1,visible,RIBEYE calidad Choice marca Vigar.\nPeso Aproximado 800 g.\n1 pieza,"El Ribeye de 800 gm es un corte en porci—n grande y tiene un balance extraordinario de suavidad, sabor y jugosidad ya que es de marca Vigar Black y calidad Choise. Por el grosor, calidad y tipo de corte, es ideal para asadores y disfrutar en compa–’a. La grasa externa es m’nima, lo que destaca es el marmoleado con el que se obtiene un sabor inigualable.",,,none,tasa-cero,1,,,0,0,,,,,0,,,$788,Carne de Res,,Repartidor,"http://localhost/meatindeed/wp-content/uploads/2022/01/70011367.jpg, http://localhost/meatindeed/wp-content/uploads/2022/01/70011367-2.jpg",,,,,,,,,0,Peso aprox,800 g,1,0,Calidad,CHOICE,1,1,Marca,VIGAR,1,1,Piezas,1,1,1
,,70017368,PORTERHOUSE 1 KG VGR BLACK,1,1,visible,PORTERHOUSE calidad Choice marca Vigar.\nPeso Aproximado 1 Kg.\n1 pieza,"El Porterhouse de 1 Kg. es un corte espectacular, extr’ado de la porci—n del lomo corto anterior al gluteus medius. Compuesto principalmente por los mœsculos longissimus dorsi y el psoas major._ Marca Vigar Black, calidad Choise, que le ofrece el sabor inigualable de la carne que est‡ cerca del hueso.",,,none,tasa-cero,1,,,0,0,,,,,0,,,$742,Carne de Res,,Repartidor,"http://localhost/meatindeed/wp-content/uploads/2022/01/70010338.jpg, http://localhost/meatindeed/wp-content/uploads/2022/01/70010338-2.jpg",,,,,,,,,0,Peso aprox,1Kg,1,0,Calidad,CHOICE,1,1,Marca,VIGAR,1,1,Piezas,1,1,1
,,70017370,PORTERHOUSE 1.5 KG VGR BLACK,1,1,visible,PORTERHOUSE calidad Choice marca Vigar.\nPeso Aproximado 1.5 Kg.\n1 pieza,"El Porterhouse de 1.5 Kg.  es un corte grande que por tener hueso ofrece un sabor especial, caracter’stico de las carnes cercanas a los husos y que adem‡s visualmente es llamativo y resulta apetitoso. Es de marca Vigar Black y claidad Choise, lo que garantiza sabor y textura para preparar en asador y disfrutar con conocedores.",,,none,tasa-cero,1,,,0,0,,,,,0,,,$742,Carne de Res,,Repartidor,"http://localhost/meatindeed/wp-content/uploads/2022/01/70017370.jpg, http://localhost/meatindeed/wp-content/uploads/2022/01/70017370-2.jpg",,,,,,,,,0,Peso aprox,1.5Kg,1,0,Calidad,CHOICE,1,1,Marca,VIGAR,1,1,Piezas,1,1,1
,,70010304,COWBOY 18 OZ CAB,1,1,visible,COWBOY calidad High Choice marca Certified Angus Beef.\nPeso Aproximado por pieza 500 g.\n2 piezas por pedido.,"El Cowboy de 500 gm aproximadamente, marca Certified Angus Beef, calidad High Choise, consiste en porciones individuales extraêdas del costillar de la res. El hueso es largo y da una extraordinaria apariencia adem‡s del delicioso sabor que da a la carne. Estas piezas tienen una calidad que garantiza un gran marmoleado, textura y sabor, cada una pesa aproximadamente  510 gm.",,,none,tasa-cero,1,,,0,0,,,,,0,,,$840,Carne de Res,,Repartidor,"http://localhost/meatindeed/wp-content/uploads/2022/01/70010304.jpg, http://localhost/meatindeed/wp-content/uploads/2022/01/70010304-2.jpg, http://localhost/meatindeed/wp-content/uploads/2022/01/70010304-3.jpg",,,,,,,,,0,Peso aprox,500 Kg,1,0,Calidad,HIGH CHOICE ,1,1,Marca,CERTIFIED ANGUS BEEF ,1,1,Piezas,2,1,1
,,70019307,FLAP MEAT 400 GRS CAB,1,1,visible,FLAP MEAT calidad High Choice marca Certified Angus Beef.\nPeso Aproximado por pieza 400 g.\n2 piezas por pedido.,"El Flap Meat de 400 gm marca Certified Angus Beef y de calidad High Choise, es una maravillosa pieza extraêda de la parte baja que cubre el est—mago de la res y de los costados. Es un corte fino de gran sabor, calidad y jugosidad gracias a la grasa intermuscular, o marmoleo que tiene. La carne tiene una textura, marmoleo y apariencia que se lucir‡ no s—lo en el asador, sino en el plato servido.",,,none,tasa-cero,1,,,0,0,,,,,0,,,$704,Carne de Res,,Repartidor,"http://localhost/meatindeed/wp-content/uploads/2022/01/70019307.jpg, http://localhost/meatindeed/wp-content/uploads/2022/01/70019307-2.jpg",,,,,,,,,0,Peso aprox,400 kg,1,0,Calidad,HIGH CHOICE ,1,1,Marca,CERTIFIED ANGUS BEEF ,1,1,Piezas,2,1,1
,,70017909,NEW YORK 12 OZ EE CAB           ,1,1,visible,NEWYORK calidad High Choice marca Certified Angus Beef.\nPeso Aproximado por pieza 340 g.\n3 piezas por pedido.,"El corte New York de 340 gm aprox, de la marca Certified Angus Beef, calidad High Choise, es uno de los cortes m‡s equilibrados en cuanto al marmoleo, jugosidad y sabor. Es una excelente opci—n para asar.",,,none,tasa-cero,1,,,0,0,,,,,0,,,$681,Carne de Res,,Repartidor,"http://localhost/meatindeed/wp-content/uploads/2022/01/70017909.jpg, http://localhost/meatindeed/wp-content/uploads/2022/01/70017909-2.jpg",,,,,,,,,0,Peso aprox, 1kg ,1,0,Calidad,HIGH CHOICE ,1,1,Marca,CERTIFIED ANGUS BEEF ,1,1,Piezas,3,1,1
,,70017920,NEW YORK 14 OZ EE CAB          ,1,1,visible,NEWYORK calidad High Choice marca Certified Angus Beef.\nPeso Aproximado por pieza 395 g.\n2 piezas por pedido.,"El corte New York de 400 gm aproximadamente, de la marca Certified Angus Beef, calidad High Choise, es uno de los cortes m‡s equilibrados en cuanto al marmoleo, jugosidad y sabor. Es una excelente opci—n para asar.",,,none,tasa-cero,1,,,0,0,,,,,0,,,$683,Carne de Res,,Repartidor,"http://localhost/meatindeed/wp-content/uploads/2022/01/70017920.jpg, http://localhost/meatindeed/wp-content/uploads/2022/01/70017920-2.jpg",,,,,,,,,0,Peso aprox,1kg,1,0,Calidad,HIGH CHOICE ,1,1,Marca,CERTIFIED ANGUS BEEF ,1,1,Piezas,2,1,1
,,70017310,PORTERHOUSE 16 OZ CAB           ,1,1,visible,PORTERHOUSE calidad High Choice marca Certified Angus Beef.\nPeso Aproximado por pieza 455  g.\n2 piezas por pedido.,"El corte Porterhouse, marca Certified Angus Beef, calidad Choise, de 16 oz,  viene del final del Short Loin que es mas largo y el cual tiene una porci—n mayor de tenderloin, cortado de la misma manera que el T-Bone, la diferencia es el tama–o del corte transversal de los mœsculos, ya que estos son mas anchos en esa parte de la res. Este tipo de piezas cuentan con el excelente sabor de la carne cercana al hueso adem‡s de su alta calidad.",,,none,tasa-cero,1,,,0,0,,,,,0,,,$753,Carne de Res,,Repartidor,"http://localhost/meatindeed/wp-content/uploads/2022/01/70017310.jpg, http://localhost/meatindeed/wp-content/uploads/2022/01/70017310-2.jpg, http://localhost/meatindeed/wp-content/uploads/2022/01/70017310-3.jpg",,,,,,,,,0,Peso aprox, 454 g ,1,0,Calidad,HIGH CHOICE ,1,1,Marca,CERTIFIED ANGUS BEEF ,1,1,Piezas,2,1,1
,,70017326,PORTERHOUSE 35 OZ CAB          ,1,1,visible,PORTERHOUSE calidad High Choice marca Certified Angus Beef.\nPeso Aproximado por pieza 1 Kg.\n1 pieza.,"El corte Porterhouse, marca Certified Angus Beef, calidad Choise, de 35 oz,  viene del final del Short Loin que es mas largo y el cual tiene una porci—n mayor de tenderloin, cortado de la misma manera que el T-Bone, la diferencia es el tama–o del corte transversal de los mœsculos, ya que estos son mas anchos en esa parte de la res. Este tipo de piezas cuentan con el excelente sabor de la carne cercana al hueso adem‡s de su alta calidad.",,,none,tasa-cero,1,,,0,0,,,,,0,,,$911,Carne de Res,,Repartidor,"http://localhost/meatindeed/wp-content/uploads/2022/01/70017326.jpg, http://localhost/meatindeed/wp-content/uploads/2022/01/70017326-2.jpg, http://localhost/meatindeed/wp-content/uploads/2022/01/70017326-3.jpg",,,,,,,,,0,Peso aprox,1 Kg,1,0,Calidad,HIGH CHOICE ,1,1,Marca,CERTIFIED ANGUS BEEF ,1,1,Piezas,1,1,1
,,70011265,RIBEYE LIPON  14 OZ CAB         ,1,1,visible,RIBEYE LIP ON calidad High Choice marca Certified Angus Beef.\nPeso Aproximado por pieza 397 g.\n2 pieza por pedido.,"El Ribeye Lip On de 400 gm aprox. marca Certified Angus Beef, calidad High Choise, es una de las piezas m‡s buscadas por los conocedores ya que es extraêda del mœsculo longisimus dorsi (ojo del rib eye) y tiene una combinaci—n perfecta entre sabor, textura y jugosidad. No tiene hueso, es s—lo la carne marmoleada de manera perfecta para que se puedan extraer los mejores sabores de cada pieza. Es una carne con la que asegura dar gusto a cualquier persona que disfrute de la carne de alta calidad.",,,none,tasa-cero,1,,,0,0,,,,,0,,,"$1,262",Carne de Res,,Repartidor,"http://localhost/meatindeed/wp-content/uploads/2022/01/70011265.jpg, http://localhost/meatindeed/wp-content/uploads/2022/01/70011265-2.jpg, http://localhost/meatindeed/wp-content/uploads/2022/01/70011265-3.jpg",,,,,,,,,0,Peso aprox,397 g,1,0,Calidad,HIGH CHOICE ,1,1,Marca,CERTIFIED ANGUS BEEF ,1,1,Piezas,2,1,1
,,70011236,RIBEYE LIPON 10 OZ CAB    ,1,1,visible,RIBEYE LIP ON calidad High Choice marca Certified Angus Beef.\nPeso Aproximado por pieza 283 g.\n4 pieza por pedido.,"El Ribeye Lip On de 283 gm aprox. marca Certified Angus Beef, calidad High Choise, es una de las piezas m‡s buscadas por los conocedores ya que es extraêda del mœsculo longisimus dorsi (ojo del rib eye) y tiene una combinaci—n perfecta entre sabor, textura y jugosidad. No tiene hueso, es s—lo la carne marmoleada de manera perfecta para que se puedan extraer los mejores sabores de cada pieza. Es una carne con la que asegura dar gusto a cualquier persona que disfrute de la carne de alta calidad.",,,none,tasa-cero,1,,,0,0,,,,,0,,,$958,Carne de Res,,Repartidor,"http://localhost/meatindeed/wp-content/uploads/2022/01/70011236.jpg, http://localhost/meatindeed/wp-content/uploads/2022/01/70011236-2.jpg, http://localhost/meatindeed/wp-content/uploads/2022/01/70011236-3.jpg",,,,,,,,,0,Peso aprox,283 g,1,0,Calidad,HIGH CHOICE ,1,1,Marca,CERTIFIED ANGUS BEEF ,1,1,Piezas,4,1,1
,,70011249,RIBEYE LIPON 12 OZ CAB       ,1,1,visible,RIBEYE LIP ON calidad High Choice marca Certified Angus Beef.\nPeso Aproximado por pieza 340 g.\n3 pieza por pedido.,"El Ribeye Lip On de 340 gm aproximadamente, marca Certified Angus Beef, calidad High Choise, es una de las piezas m‡s buscadas por los conocedores ya que es extraêda del mœsculo longisimus dorsi (ojo del rib eye) y tiene una combinaci—n perfecta entre sabor, textura y jugosidad. No tiene hueso, es s—lo la carne marmoleada de manera perfecta para que se puedan extraer los mejores sabores de cada pieza. Es una carne con la que asegura dar gusto a cualquier persona que disfrute de la carne de alta calidad.",,,none,tasa-cero,1,,,0,0,,,,,0,,,$940,Carne de Res,,Repartidor,"http://localhost/meatindeed/wp-content/uploads/2022/01/70011249.jpg, http://localhost/meatindeed/wp-content/uploads/2022/01/70011249-2.jpg, http://localhost/meatindeed/wp-content/uploads/2022/01/70011249-3.jpg",,,,,,,,,0,Peso aprox,340 g ,1,0,Calidad,HIGH CHOICE ,1,1,Marca,CERTIFIED ANGUS BEEF ,1,1,Piezas,3,1,1
130,simple,70011279,RIBEYE LIPON 16 OZ CAB         ,1,1,visible,RIBEYE LIPON calidad High Choice.\nMarca: Certified Angus Beef\nPeso Aproximado 455 g.\n2 piezas por pedido,"El Ribeye Lip On de 450 gm aprox. marca Certified Angus Beef, calidad High Choise, es una de las piezas m‡s buscadas por los conocedores ya que es extraêda del mœsculo longisimus dorsi (ojo del rib eye) y tiene una combinaci—n perfecta entre sabor, textura y jugosidad. No tiene hueso, es s—lo la carne marmoleada de manera perfecta para que se puedan extraer los mejores sabores de cada pieza. Es una carne con la que asegura dar gusto a cualquier persona que disfrute de la carne de alta calidad.",,,none,tasa-cero,1,,,0,0,,,,,0,,,$970,Carne de Res,"Certified Angus Beef, High Choice",Repartidor,"http://localhost/meatindeed/wp-content/uploads/2022/01/70011279.jpg, http://localhost/meatindeed/wp-content/uploads/2022/01/70011279-3.jpg",,,,,,,,,0,Peso aprox.,454 g,1,0,Calidad,HIGH CHOICE ,1,1,Marca,CERTIFIED ANGUS BEEF ,1,1,Piezas,2,1,1
,,70011295,RIBEYE ROLL 25 OZ CAB         ,1,1,visible,RIBEYE ROLL calidad High Choice.\nMarca: Certified Angus Beef\nPeso Aproximado 707 g.\n1 pieza,"El Ribeye Roll de 700 gm aproximadamente, marca Certified Angus Beef, calidad High Choise, es una de las piezas m‡s buscadas por los conocedores ya que es extraêda del mœsculo longisimus dorsi (ojo del rib eye) y tiene una combinaci—n perfecta entre sabor, textura y jugosidad. No tiene hueso, es s—lo la carne marmoleada de manera perfecta para que se puedan extraer los mejores sabores de cada pieza. Es una carne con la que asegura dar gusto a cualquier persona que disfrute de la carne de alta calidad.",,,none,tasa-cero,1,,,0,0,,,,,0,,,"$1,109",Carne de Res,,Repartidor,"http://localhost/meatindeed/wp-content/uploads/2022/01/70011295.jpg, http://localhost/meatindeed/wp-content/uploads/2022/01/70011295-2.jpg, http://localhost/meatindeed/wp-content/uploads/2022/01/70011295-3.jpg",,,,,,,,,0,Peso aprox.,707g,1,0,Calidad,HIGH CHOICE ,1,1,Marca,CERTIFIED ANGUS BEEF ,1,1,Piezas,1,1,1
,,70012313,SHORT RIB 14 OZ CAB         ,1,1,visible,SHORT RIB calidad High Choice.\nMarca: Certified Angus Beef\nPeso Aproximado 790 g.\n1 pieza,"OJO EL PESO EQUIVOCADO El Short Rib , marca Certified Angus Beef, calidad High Choise, es ideal para parrillar, estofar o asar, dependiendo el platillo y textura que se desee obtener. Los huesos de estas costillas son prˆcticamente planos y estˆn cubiertos con 1-2"" de carne en la parte superior. Este tipo de costillas son una gran elecci„n cuando se desea un sabor exquisito. La pieza tiene 790 gm aproximadamente.",,,none,tasa-cero,1,,,0,0,,,,,0,,,$683,Carne de Res,,Repartidor,"http://localhost/meatindeed/wp-content/uploads/2022/01/70012313.jpg, http://localhost/meatindeed/wp-content/uploads/2022/01/70012313-2.jpg",,,,,,,,,0,Peso aprox.,790 g,1,0,Calidad,HIGH CHOICE ,1,1,Marca,CERTIFIED ANGUS BEEF ,1,1,Piezas,1,1,1
,,70012309,SHORT RIB 25 OZ CAB,1,1,visible,SHORT RIB calidad High Choice.\nMarca: Certified Angus Beef\nPeso Aproximado 707 g.\n1 pieza,"OJO EL PESO EQUIVOCADO El Short Rib , marca Certified Angus Beef, calidad High Choise, es ideal para parrillar, estofar o asar, dependiendo el platillo y textura que se desee obtener. Los huesos de estas costillas son prˆcticamente planos y estˆn cubiertos con 1-2"" de carne en la parte superior. Este tipo de costillas son una gran elecci„n cuando se desea un sabor exquisito. La pieza tiene un peso aproximado de 700 gramos.",,,none,tasa-cero,1,,,0,0,,,,,0,,,$628,Carne de Res,,Repartidor,"http://localhost/meatindeed/wp-content/uploads/2022/01/70012309.jpg, http://localhost/meatindeed/wp-content/uploads/2022/01/70012309-2.jpg",,,,,,,,,0,Peso aprox.,707 g,1,0,Calidad,HIGH CHOICE ,1,1,Marca,CERTIFIED ANGUS BEEF ,1,1,Piezas,1,1,1
,,70017331,T-BONE 12 OZ CAB ,1,1,visible,SHORT RIB calidad High Choice.\nMarca: Certified Angus Beef\nPeso Aproximado 340g.\n3 piezas por pedido,"El T-Bone de 340 gm aproximadamente, marca Certified Angus Beef, calidad High Choise, es una pieza perfecta para asar en la parrilla ya que le gusta a la mayor’a d elas personas. Este corte es tan popular por su gran sabor y textura.",,,none,tasa-cero,1,,,0,0,,,,,0,,,$651,Carne de Res,,Repartidor,"http://localhost/meatindeed/wp-content/uploads/2022/01/70017331.jpg, http://localhost/meatindeed/wp-content/uploads/2022/01/70017331-2.jpg, http://localhost/meatindeed/wp-content/uploads/2022/01/70017331-3.jpg",,,,,,,,,0,Peso aprox.,340 g,1,0,Calidad,HIGH CHOICE ,1,1,Marca,CERTIFIED ANGUS BEEF ,1,1,Piezas,3,1,1
,,70010324,TOMAHAWK 35 OZ CAB            ,1,1,visible,TOMAHAWK calidad High Choice.\nMarca: Certified Angus Beef\nPeso Aproximado 900g.\n1 pieza,"El Tomahawk marca Certified Angus Beef, calidad High Choise, de 900 gm aprox,  consiste en un grueso filete con hueso de la costillas anteriores y mucha grasa intramuscular. Estas caracterÍsticas le dan un gran sabor y jugosidad excepcional, y ni qu_ decir de la apariencia, es inigualable. En una pieza tan vistosa, es importante que la calidad sea alta para completar la experiencia en la parrilla.",,,none,tasa-cero,1,,,0,0,,,,,0,,,"$1,068",Carne de Res,,Repartidor,"http://localhost/meatindeed/wp-content/uploads/2022/01/70010324.jpg, http://localhost/meatindeed/wp-content/uploads/2022/01/70010324-2.jpg, http://localhost/meatindeed/wp-content/uploads/2022/01/70010324-3.jpg",,,,,,,,,0,Peso aprox.,900 g,1,0,Calidad,HIGH CHOICE ,1,1,Marca,CERTIFIED ANGUS BEEF ,1,1,Piezas,1,1,1
,,70001200,BRISKET CAB 8kg,1,1,visible,BRISKET calidad High Choice.\nMarca: Certified Angus Beef\nPeso Aproximado 8 kg.\n1 pieza,"El Brisket marca Certified Angus Beef, calidad High Choise, es un corte de carne del pecho de res. Es perfecto para caldos, deshebrar o hacer machaca. Existen gran variedad de resetas  para hacer con est etipo de corte. La pieza es de 8 kg aproximadamente.",,,none,tasa-cero,1,,,0,0,,,,,0,,,"$2,452",Carne de Res,,Repartidor,"http://localhost/meatindeed/wp-content/uploads/2022/01/70001200.jpg, http://localhost/meatindeed/wp-content/uploads/2022/01/70001200-2.jpg",,,,,,,,,0,Peso aprox.,8 Kg,1,0,Calidad,HIGH CHOICE ,1,1,Marca,CERTIFIED ANGUS BEEF ,1,1,Piezas,1,1,1
,,70018161,COULOTTE PICA„A CAB 6kg,1,1,visible,PICA„A calidad High Choice.\nMarca: Certified Angus Beef\nPeso Aproximado 6 kg.\n1 pieza,"La Pica–a marca Certified Angus Beef, calidad High Choise es es un corte t’picamente brasile–o y tiene forma triangular. Est‡ cubierto por una capa de grasa blanca que le confiere un extraordinario y caracter’stico sabor. La pieza es de aproximadamente 6 kilos y de esta manera es ideal para preparar en asador y compartir con conocedores de este corte tan especial.",,,none,tasa-cero,1,,,0,0,,,,,0,,,"$2,521",Carne de Res,,Repartidor,"http://localhost/meatindeed/wp-content/uploads/2022/01/70018161.jpg, http://localhost/meatindeed/wp-content/uploads/2022/01/70018161-2.jpg",,,,,,,,,0,Peso aprox.,6 Kg,1,0,Calidad,HIGH CHOICE ,1,1,Marca,CERTIFIED ANGUS BEEF ,1,1,Piezas,1,1,1
,,70013001,CHUCK FLAP  S/H CAB,1,1,visible,CHUCK FLAP calidad High Choice.\nMarca: Certified Angus Beef\nPeso Aproximado 3.4 kg.\n1 pieza,"El Chuck Flap marca Certified Angus Beef, calidad High Choise proviene del  hombro de la res y tiene abundante marmoleo. Con este corte se pueden preparar mÏltiples y delicios platillos, ya sea cocido a fuego lento, marinado y asado o cortado en cubos para recetas de Korean BBQ. Es un corte fino de gran sabor, jugosidad y textura, la cantidad de opciones para prepararlo es tan grande que se puede saborear con frecuencia y siempre de diferente manera. La pieza es de aproximadamente 3.4 Kg.",,,none,tasa-cero,1,,,0,0,,,,,0,,,"$2,640",Carne de Res,,Repartidor,"http://localhost/meatindeed/wp-content/uploads/2022/01/70013001.jpg, http://localhost/meatindeed/wp-content/uploads/2022/01/70013001-2.jpg",,,,,,,,,0,Peso aprox.,3.4 Kg,1,0,Calidad,HIGH CHOICE ,1,1,Marca,CERTIFIED ANGUS BEEF ,1,1,Piezas,1,1,1
,,70018900,FILETE SEMILIMPIO 189A CAB    3 KG,1,1,visible,FILETE SEMILIMPIO calidad High Choice.\nMarca: Certified Angus Beef\nPeso Aproximado 2.5 kg.\n1 pieza,"El Filete Semilimpio de Res marca Certified Angus Beef, calidad High Choise, es la carne perfecta para guisos, tacos o cualquier platillo en el que necesite carne suave y de gran sabor. La apariencia y la textura lo hacen perfecto para lucir en cualquier plato. La pieza es de 2.5 kg aproximadamente, asÕ puede porcionar al gusto de cada comensal.",,,none,tasa-cero,1,,,0,0,,,,,0,,,"$2,566",Carne de Res,,Repartidor,"http://localhost/meatindeed/wp-content/uploads/2022/01/70018900.jpg, http://localhost/meatindeed/wp-content/uploads/2022/01/70018900-2.jpg",,,,,,,,,0,Peso aprox.,2.5 Kg,1,0,Calidad,HIGH CHOICE ,1,1,Marca,CERTIFIED ANGUS BEEF ,1,1,Piezas,1,1,1
,,70019301,FLAP MEAT CAB ,1,1,visible,FLAP MEAT calidad High Choice.\nMarca: Certified Angus Beef\nPeso Aproximado 8 kg.\n1 pieza,"El Flap Meat o vac’o argentino como se le conoce normalmente, marca Certified Angus Beef, calidad High Choise es una carne que tiene bastante marmoleo a ambos lados del corte que lo hace perfecto para platillos sencillos o elaborados. Servirlo s—lo o acompa–ado con chiles y cebolla es garant’a de sabor y calidad. La pieza tiene 8 kilos aproximadamente.",,,none,tasa-cero,1,,,0,0,,,,,0,,,"$3,856",Carne de Res,,Repartidor,"http://localhost/meatindeed/wp-content/uploads/2022/01/70019301.jpg, http://localhost/meatindeed/wp-content/uploads/2022/01/70019301-2.jpg",,,,,,,,,0,Peso aprox.,8 Kg,1,0,Calidad,HIGH CHOICE ,1,1,Marca,CERTIFIED ANGUS BEEF ,1,1,Piezas,1,1,1
,,70018005,NEW YORK 0X1 CAB  6Kg,1,1,visible,NEW YORK calidad High Choice.\nMarca: Certified Angus Beef\nPeso Aproximado 6 kg.\n1 pieza,"El corte New York asador es uno de los m‡s equilibrados en cuanto a grasa, ya que es una carne de buen marmoleo adem‡s de jugosa y de buen sabor. Esto es lo que lo hace una excelente opci—n para asar. Respaldada por la calidad de los productos Certified Angus Beef (CAB). Calidad: Certified Angus Beef: La mejor calidad ""high choice"" asegurada gracias a Certified Angus Beef‘Œ, una marca creada por la American Angus Association establecida en 1978. Solo 3 de cada 10 angus califican para ser Certified Angus Beef, para ello deben pasar 10 est‡ndares de calidad divididos en categor’as como marmoleo, madurez, tama–o consistente, apariencia y terneza.",,,none,tasa-cero,1,,,0,0,,,,,0,,,"$3,404",Carne de Res,,Repartidor,"http://localhost/meatindeed/wp-content/uploads/2022/01/70018005.jpg, http://localhost/meatindeed/wp-content/uploads/2022/01/70018005-2.jpg",,,,,,,,,0,Peso aprox.,6 Kg,1,0,Calidad,HIGH CHOICE ,1,1,Marca,CERTIFIED ANGUS BEEF ,1,1,Piezas,1,1,1
,,70011418,FLAT IRON CAB,1,1,visible,FLAT IRON  calidad High Choice.\nMarca: Certified Angus Beef\nPeso Aproximado 2 kg.\n1 pieza,"El Flat Iron consiste en la pieza porcionada perteneciente a la paleta superior de la espaldilla de res. El Flat Iron es Calidad Certified Angus Beef por lo que se distingue por ser un corte fino con buen marmoleo, sabor, calidad y jugosidad gracias a la grasa intramuscular que contiene y al conjunto de mœsculos que lo conforman. Calidad: Certified Angus Beef: La mejor calidad ""high choice"" asegurada gracias a Certified Angus Beef, una marca creada por la American Angus Association establecida en 1978 . Solo 3 de cada 10 angus califican para ser Certified Angus Beef, para ello deben pasar 10 est‡ndares de calidad divididos en categor’as como marmoleo, madurez, tama–o consistente, apariencia y terneza.",,,none,tasa-cero,1,,,0,0,,,,,0,,,$840,Carne de Res,,Repartidor,"http://localhost/meatindeed/wp-content/uploads/2022/01/70011418.jpg, http://localhost/meatindeed/wp-content/uploads/2022/01/70011418-2.jpg",,,,,,,,,0,Peso aprox.,2 Kg,1,0,Calidad,HIGH CHOICE ,1,1,Marca,CERTIFIED ANGUS BEEF ,1,1,Piezas,1,1,1
,,70018163,COULOTTE PICA„A PERFECT CHOICE,1,1,visible,PICA„A  calidad USDA Choice.\nMarca: Comnor\nPeso Aproximado 3.75 kg.\n1 pieza,"La Pica–a marca ComNor calidad Choise, es carne de vacuno pero lo que la hace diferente es el tipo de corte, t’picamente brasile–o.  y tiene forma triangular. Est‡ cubierto por una capa de grasa blanca que le confiere un extraordinario y caracter’stico sabor. La pieza es de aproximadamente 6 kilos y de esta manera es ideal para preparar en asador y compartir con conocedores de este corte tan especial. Esta pieza pesa 3.75 Kg aproximadamente.",,,none,tasa-cero,1,,,0,0,,,,,0,,,"$1,701",Carne de Res,,Repartidor,"http://localhost/meatindeed/wp-content/uploads/2022/01/70018163.jpg, http://localhost/meatindeed/wp-content/uploads/2022/01/70018163-2.jpg",,,,,,,,,0,Peso aprox.,3.75 Kg,1,0,Calidad,USDA CHOISE ,1,1,Marca,COMNOR ,1,1,Piezas,1,1,1
,,70012319,SHORT RIB C/H PERFECT CHOICE,1,1,visible,SHORT RIB  calidad USDA Choice.\nMarca: Comnor\nPeso Aproximado 6.25 kg.\n1 pieza,"El Short Rib , marca ComNor Perfect Choise, es ideal para parrillar, estofar o asar, dependiendo el platillo y textura que se desee obtener. Los huesos de estas costillas son pr‡cticamente planos y estˆn cubiertos con 1-2"" de carne en la parte superior. Este tipo de costillas son una gran elecci„n cuando se desea un sabor exquisito. La pieza tiene un peso aproximado de 6.250 Kg.",,,none,tasa-cero,1,,,0,0,,,,,0,,,"$3,391",Carne de Res,,Repartidor,"http://localhost/meatindeed/wp-content/uploads/2022/01/70012319.jpg, http://localhost/meatindeed/wp-content/uploads/2022/01/70012319-2.jpg",,,,,,,,,0,Peso aprox.,6.25 Kg,1,0,Calidad,USDA CHOISE ,1,1,Marca,COMNOR ,1,1,Piezas,1,1,1
,,70010910,FALDA P/DESHEBRAR ,1,1,visible,FALDA para DESHEBRAR  calidad Estandar Nacional.\nMarca: Rancho del Norte\nPeso Aproximado 2 kg.\n1 pieza,"La Falda para Deshebrar marca Rancho d el Norte, calidad Standard nacional, es ideal para preparar un platillo con carne que sea suave y de calidad, es f‡cil de cocinar porque es ideal para cocer y le da un sabor muy consistente y delicioso a tus platillos. La pieza pesa aproximadamente 2 kilos.",,,none,tasa-cero,1,,,0,0,,,,,0,,,$366,Carne de Res,,Repartidor,"http://localhost/meatindeed/wp-content/uploads/2022/01/70010910.jpg, http://localhost/meatindeed/wp-content/uploads/2022/01/70010910-2.jpg, http://localhost/meatindeed/wp-content/uploads/2022/01/70010910-3.jpg",,,,,,,,,0,Peso aprox.,2 Kg,1,0,Calidad,ESTANDAR NACIONAL ,1,1,Marca,RANCHO DEL NORTE ,1,1,Piezas,1,1,1
,,70010306,COWBOY 18 OZ PREMIUM  ,1,1,visible,COWBOY  calidad Premium.\nMarca: Rancho del Norte\nPeso Aproximado 510 g.\n2 piezas por pedido,"El Cowboy marca Vigar, calidad Choise, consiste en un corte redondo y grueso que se extrae del  costillar de res. El hueso de la costilla es recortado por lo que queda mucho m‡s corto que el de un Tomahawk. Es un  corte grande que permite mantener la jugosidad de la carne y es muy buena opci—n para asadores ya que se puede lucir  el corte y el marmoleado de la carne. La carne es suave y jugosa, al tener hueso se puede disfrutar del delicioso sabor que ofrece la carne que est‡ cerca del hueso. Al ser calidad Choise puede estar seguro que el marmoleo le brindar‡ un exquisito sabor. Esta pieza es de 500 gm aproximadamente.",,,none,tasa-cero,1,,,0,0,,,,,0,,,$875,Carne de Res,,Repartidor,"http://localhost/meatindeed/wp-content/uploads/2022/01/70010306.jpg, http://localhost/meatindeed/wp-content/uploads/2022/01/70010306-2.jpg",,,,,,,,,0,Peso aprox.,510 g,1,0,Calidad,PREMIUM,1,1,Marca,RANCHO DEL NORTE ,1,1,Piezas,2,1,1
,,70017907,NEW YORK 10 OZ PREMIUM         ,1,1,visible,NEWYORK  calidad Premium.\nMarca: Rancho del Norte\nPeso Aproximado 283 g.\n3 piezas por pedido,"El New York de 283 gm aprox, marca Vigar, calidad Choise  es uno de los cortes m‡s equilibrados en cuanto al marmoleo, jugosidad y sabor. Es una excelente opci—n para asar.",,,none,tasa-cero,1,,,0,0,,,,,0,,,"$1,038",Carne de Res,,Repartidor,"http://localhost/meatindeed/wp-content/uploads/2022/01/70017907.jpg, http://localhost/meatindeed/wp-content/uploads/2022/01/70017907-2.jpg",,,,,,,,,0,Peso aprox.,283 g,1,0,Calidad,PREMIUM,1,1,Marca,RANCHO DEL NORTE ,1,1,Piezas,3,1,1
,,70017912,NEW YORK 12 OZ EE PREMIUM,1,1,visible,NEWYORK  calidad Premium.\nMarca: Rancho del Norte\nPeso Aproximado 340 g.\n3 piezas por pedido,"El New York de 340 gm aprox, marca Vigar, calidad Choise  es uno de los cortes m‡s equilibrados en cuanto al marmoleo, jugosidad y sabor. Es una excelente opci—n para asar.",,,none,tasa-cero,1,,,0,0,,,,,0,,,"$1,046",Carne de Res,,Repartidor,"http://localhost/meatindeed/wp-content/uploads/2022/01/70017912.jpg, http://localhost/meatindeed/wp-content/uploads/2022/01/70017912-2.jpg",,,,,,,,,0,Peso aprox.,340 g,1,0,Calidad,PREMIUM,1,1,Marca,RANCHO DEL NORTE ,1,1,Piezas,3,1,1
,,70017922,NEW YORK 14 OZ EE PREMIUM,1,1,visible,NEWYORK  calidad Premium.\nMarca: Rancho del Norte\nPeso Aproximado 397 g.\n2 piezas por pedido,"El New York de 400 gm aprox, marca Vigar, calidad Choise  es uno de los cortes m‡s equilibrados en cuanto al marmoleo, jugosidad y sabor. Es una excelente opci—n para asar.",,,none,tasa-cero,1,,,0,0,,,,,0,,,$690,Carne de Res,,Repartidor,"http://localhost/meatindeed/wp-content/uploads/2022/01/70017922.jpg, http://localhost/meatindeed/wp-content/uploads/2022/01/70017922-2.jpg",,,,,,,,,0,Peso aprox.,397 g,1,0,Calidad,PREMIUM,1,1,Marca,RANCHO DEL NORTE ,1,1,Piezas,2,1,1
,,70011255,RIBEYE LIPON 12 OZ PREMIUM ,1,1,visible,RIBEYE LIPON calidad Premium.\nMarca: Rancho del Norte\nPeso Aproximado 340 g.\n2 piezas por pedido,"El Ribeye Lip On de 340 gm aprox.marca Vigar, calidad Choise, es una de las piezas m‡s buscadas por los conocedores ya que es extraêda del mœsculo longisimus dorsi (ojo del rib eye) y tiene una combinaci—n perfecta entre sabor, textura y jugosidad. No tiene hueso, es s—lo la carne marmoleada de manera perfecta para que se puedan extraer los mejores sabores de cada pieza. Es una carne con la que asegura dar gusto a cualquier persona que disfrute de la carne de alta calidad.",,,none,tasa-cero,1,,,0,0,,,,,0,,,$410,Carne de Res,,Repartidor,"http://localhost/meatindeed/wp-content/uploads/2022/01/70011255.jpg, http://localhost/meatindeed/wp-content/uploads/2022/01/70011255-2.jpg",,,,,,,,,0,Peso aprox.,340 g,1,0,Calidad,PREMIUM,1,1,Marca,RANCHO DEL NORTE ,1,1,Piezas,2,1,1
,,70011243,RIBEYE LIPON 300 GRS PREMIUM,1,1,visible,RIBEYE LIPON calidad Premium.\nMarca: Rancho del Norte\nPeso Aproximado 300 g.\n3 piezas por pedido,"OJO, SOLO HAY 40 GRAMOS DE DIFERENCIA CON EL ANTERIOR???? El Ribeye Lip On de 300 gm aprox.marca Vigar, calidad Choise, es una de las piezas m‡s buscadas por los conocedores ya que es extraêda del mœsculo longisimus dorsi (ojo del rib eye) y tiene una combinaci—n perfecta entre sabor, textura y jugosidad. No tiene hueso, es s—lo la carne marmoleada de manera perfecta para que se puedan extraer los mejores sabores de cada pieza. Es una carne con la que asegura dar gusto a cualquier persona que disfrute de la carne de alta calidad.",,,none,tasa-cero,1,,,0,0,,,,,0,,,"$1,220",Carne de Res,,Repartidor,"http://localhost/meatindeed/wp-content/uploads/2022/01/70011243.jpg, http://localhost/meatindeed/wp-content/uploads/2022/01/70011243-2.jpg",,,,,,,,,0,Peso aprox.,0.300 g,1,0,Calidad,PREMIUM,1,1,Marca,RANCHO DEL NORTE ,1,1,Piezas,3,1,1
,,70017333,T-BONE 12 OZ PREMIUM,1,1,visible,T-BONE calidad Premium.\nMarca: Rancho del Norte\nPeso Aproximado 340 g.\n3 piezas por pedido,"El T-Bone de 340 gm aproximadamente, es una pieza perfecta para asar en la parrilla ya que le gusta a la mayor’a de las personas. Este corte es tan popular por su gran sabor y textura. Viene en paquete de 3 piezas.",,,none,tasa-cero,1,,,0,0,,,,,0,,,"$1,109",Carne de Res,,Repartidor,"http://localhost/meatindeed/wp-content/uploads/2022/01/70017333.jpg, http://localhost/meatindeed/wp-content/uploads/2022/01/70017333-2.jpg",,,,,,,,,0,Peso aprox.,340 g,1,0,Calidad,PREMIUM,1,1,Marca,RANCHO DEL NORTE ,1,1,Piezas,3,1,1
,,70018125,TOP SIRLOIN 8 OZ CC PREMIUM,1,1,visible,TOP SIRLOIN calidad Premium.\nMarca: Rancho del Norte\nPeso Aproximado 277 g.\n4 piezas por pedido,"El Top Sirloin de 227 gramos aproximadamentees un corte proveniente de la parte baja del lomo de la res. TambiŽn llamado ""churrasco"" es un corte magro, jugoso y de gran sabor que es ideal para asar. El paquete cuenta con 4 piezas.",,,none,tasa-cero,1,,,0,0,,,,,0,,,"$1,246",Carne de Res,,Repartidor,"http://localhost/meatindeed/wp-content/uploads/2022/01/70018125.jpg, http://localhost/meatindeed/wp-content/uploads/2022/01/70018125-2.jpg",,,,,,,,,0,Peso aprox., 227 g,1,0,Calidad,PREMIUM,1,1,Marca,RANCHO DEL NORTE ,1,1,Piezas,4,1,1
,,70013516,CUBOS DE RES 120 GR S,1,1,visible,CUBOS DE RES\nMarca: Comnor\nPeso Aproximado 3 kg.\n1 pieza,"Los Cubos de Res vienen en paquete de 3 kilos aprox y son vers‡tiles para preparar cualquier platillo, pueden usarse como la parte centralde cualquier guiso o como complemento, para brochetas o hasta para asar. Sabor delicioso para cualquier platillo.",,,none,tasa-cero,1,,,0,0,,,,,0,,,$801,Carne de Res,,Repartidor,"http://localhost/meatindeed/wp-content/uploads/2022/01/70013516.jpg, http://localhost/meatindeed/wp-content/uploads/2022/01/70013516-2.jpg",,,,,,,,,0,Peso aprox.,3 Kg,1,0,Calidad,,1,1,Marca,COMNOR ,1,1,Piezas,1,1,1
,,70011253,RIBEYE 12 OZ NACIONAL,1,1,visible,RIBEYE calidad Estandar nacional.\nMarca: Rancho del Norte\nPeso Aproximado 340 g.\n3 piezas por pedido,"El Ribeye de 340 gramos, marca Rancho Norte, es una de las piezas m‡s buscadas por los conocedores ya que es extraêda del mœsculo longisimus dorsi (ojo del rib eye) y tiene una combinaci—n perfecta entre sabor, textura y jugosidad. No tiene hueso, es s—lo la carne marmoleada de manera perfecta para que se puedan extraer los mejores sabores de cada pieza. Es una carne con la que asegura dar gusto a cualquier persona.Esta marca ofrece una muy buena calidad en relaciÑn al precio. En el paquete vienen 3 piezas.",,,none,tasa-cero,1,,,0,0,,,,,0,,,"$1,186",Carne de Res,,Repartidor,"http://localhost/meatindeed/wp-content/uploads/2022/01/70011253.jpg, http://localhost/meatindeed/wp-content/uploads/2022/01/70011253-2.jpg, http://localhost/meatindeed/wp-content/uploads/2022/01/70011253-3.jpg",,,,,,,,,0,Peso aprox.,340 g,1,0,Calidad,ESTANDAR NACIONAL,1,1,Marca,RANCHO DEL NORTE ,1,1,Piezas,3,1,1
,,70012303,CHUCK SHORT RIB NACIONAL,1,1,visible,CHUCK SHORT RIB calidad Estandar nacional.\nMarca: Rancho del Norte\nPeso Aproximado 3.13 Kg.\n1 pieza,"El Short Rib , marca Rancho Norte, es ideal para parrillar, estofar o asar, dependiendo el platillo y textura que se desee obtener. Los huesos de estas costillas son prˆcticamente planos y estˆn cubiertos con 1-2"" de carne en la parte superior. Este tipo de costillas son una gran elecci„n cuando se desea un sabor exquisito. La pieza tiene un peso aproximado de 3.130 Kg. Esta marca ofrece una muy buena calidad en relaciÑn al precio.",,,none,tasa-cero,1,,,0,0,,,,,0,,,$293,Carne de Res,,Repartidor,"http://localhost/meatindeed/wp-content/uploads/2022/01/70012303.jpg, http://localhost/meatindeed/wp-content/uploads/2022/01/70012303-2.jpg",,,,,,,,,0,Peso aprox.,3.13 Kg,1,0,Calidad,ESTANDAR NACIONAL,1,1,Marca,RANCHO DEL NORTE ,1,1,Piezas,1,1,1
,,70018139,TOP SIRLOIN 12 OZ EE NACIONAL,1,1,visible,TOP SIRLOIN calidad Estandar nacional.\nMarca: Rancho del Norte\nPeso Aproximado 340 g.\n2 piezas por pedido,"El Top Sirloin de 340 gramos aproximadamentees y marca Rancho Norte, es un corte proveniente de la parte baja del lomo de la res. TambiŽn llamado ""churrasco"" es un corte magro, jugoso y de gran sabor que es ideal para asar. El paquete cuenta con 2 piezas. Esta marca ofrece una muy buena calidad en relaciÑn al precio.",,,none,tasa-cero,1,,,0,0,,,,,0,,,$267,Carne de Res,,Repartidor,"http://localhost/meatindeed/wp-content/uploads/2022/01/70018139.jpg, http://localhost/meatindeed/wp-content/uploads/2022/01/70018139-2.jpg",,,,,,,,,0,Peso aprox.,340 g,1,0,Calidad,ESTANDAR NACIONAL,1,1,Marca,RANCHO DEL NORTE ,1,1,Piezas,2,1,1
,,70012204,ARRACHERA MARINADA 8 OZ CAB,1,1,visible,ARRACHERA MARINADA calidad High Choice.\nMarca: Certified Angus Beef\nPeso Aproximado 230 g.\n4 piezas por pedido,"La Arrachera Marinada marca  Certified Angus Beef, calidad High Choice, consiste en piezas individuales obtenidas  del mœsculo interno transversus abdominis (Inside skirt) por lo que es una corte fino muy suave y de gran sabor. Cada paquete pesa 230 gm aprox.",,,none,tasa-cero,1,,,0,0,,,,,0,,,$667,Carne de Res,,Repartidor,"http://localhost/meatindeed/wp-content/uploads/2022/01/70012204.jpg, http://localhost/meatindeed/wp-content/uploads/2022/01/70012204-2.jpg",,,,,,,,,0,Peso aprox.,230 g,1,0,Calidad,HIGH CHOICE ,1,1,Marca,CERTIFIED ANGUS BEEF ,1,1,Piezas,4,1,1
,,70012211,ARRACHERA MARINADA 12 OZ CAB,1,1,visible,ARRACHERA MARINADA calidad High Choice.\nMarca: Certified Angus Beef\nPeso Aproximado 240 g.\n3 piezas por pedido,"La Arrachera Marinada marca  Certified Angus Beef, calidad High Choice, consiste en piezas individuales obtenidas  del mœsculo interno transversus abdominis (Inside skirt) por lo que es una corte fino muy suave y de gran sabor. Cada paquete pesa 340 gm aprox.",,,none,tasa-cero,1,,,0,0,,,,,0,,,$664,Carne de Res,,Repartidor,"http://localhost/meatindeed/wp-content/uploads/2022/01/70012211.jpg, http://localhost/meatindeed/wp-content/uploads/2022/01/70012211-2.jpg",,,,,,,,,0,Peso aprox.,340 g,1,0,Calidad,HIGH CHOICE ,1,1,Marca,CERTIFIED ANGUS BEEF ,1,1,Piezas,3,1,1
,,70012227,ARRACHERA MARINADA CAB ,1,1,visible,ARRACHERA MARINADA calidad High Choice.\nMarca: Certified Angus Beef\nPeso Aproximado 1.5 k g.\n1 pieza,"La Arrachera Marinada marca  Certified Angus Beef, calidad High Choice, consiste en piezas individuales obtenidas  del mœsculo interno transversus abdominis (Inside skirt) por lo que es una corte fino muy suave y de gran sabor. Cada paquete pesa 1.5 kg aprox.",,,none,tasa-cero,1,,,0,0,,,,,0,,,$816,Carne de Res,,Repartidor,"http://localhost/meatindeed/wp-content/uploads/2022/01/70012227.jpg, http://localhost/meatindeed/wp-content/uploads/2022/01/70012227-2.jpg",,,,,,,,,0,Peso aprox.,1.5 Kg,1,0,Calidad,HIGH CHOICE ,1,1,Marca,CERTIFIED ANGUS BEEF ,1,1,Piezas,1,1,1
,,70012223,ARRACHERA MARINADA CAB MEX  1.8 KG (Sabor m‡s intenso),1,1,visible,ARRACHERA MARINADA calidad High Choice.\nMarca: Certified Angus Beef\nPeso Aproximado 1.5 k g.\n1 pieza,"OJO: NO VEO DIFERENCIA CON LA ANTERIOR   La Arrachera Marinada marca  Certified Angus Beef, calidad High Choice, consiste en piezas individuales obtenidas  del mœsculo interno transversus abdominis (Inside skirt) por lo que es una corte fino muy suave y de gran sabor. Cada paquete pesa 1.5 kg aprox.",,,none,tasa-cero,1,,,0,0,,,,,0,,,$797,Carne de Res,,Repartidor,"http://localhost/meatindeed/wp-content/uploads/2022/01/70012223.jpg, http://localhost/meatindeed/wp-content/uploads/2022/01/70012223-2.jpg",,,,,,,,,0,Peso aprox.,1.5 Kg,1,0,Calidad,HIGH CHOICE ,1,1,Marca,CERTIFIED ANGUS BEEF ,1,1,Piezas,1,1,1
,,70012225,ARRACHERA NATURAL LIGHT CAB    1.8 KG,1,1,visible,ARRACHERA MARINADA calidad High Choice.\nMarca: Certified Angus Beef\nPeso Aproximado 3k g.\n1 pieza,"La Arrachera Marinada marca  Certified Angus Beef, calidad High Choice, consiste en piezas individuales obtenidas  del mœsculo interno transversus abdominis (Inside skirt) por lo que es una corte fino muy suave y de gran sabor. Cada paquete pesa 3 kg aprox.",,,none,tasa-cero,1,,,0,0,,,,,0,,,$556,Carne de Res,,Repartidor,"http://localhost/meatindeed/wp-content/uploads/2022/01/70012225.jpg, http://localhost/meatindeed/wp-content/uploads/2022/01/70012225-2.jpg",,,,,,,,,0,Peso aprox.,3 Kg,1,0,Calidad,HIGH CHOICE ,1,1,Marca,CERTIFIED ANGUS BEEF ,1,1,Piezas,1,1,1
,,70012228,ARRACHERA MARINADA PERFECT CHOICE ,1,1,visible,ARRACHERA MARINADA calidad Choice.\nMarca: Comnor\nPeso Aproximado 4.5 k g.\n1 pieza,"La Arrachera Marinada marca  ComNor Choice, calidad Choice, consiste en piezas individuales obtenidas  del mœsculo interno transversus abdominis (Inside skirt) por lo que es una corte fino muy suave y de gran sabor. Cada paquete pesa 1.5 kg aprox.",,,none,tasa-cero,1,,,0,0,,,,,0,,,$433,Carne de Res,,Repartidor,"http://localhost/meatindeed/wp-content/uploads/2022/01/70012228.jpg, http://localhost/meatindeed/wp-content/uploads/2022/01/70012228-2.jpg",,,,,,,,,0,Peso aprox.,4.5 Kg,1,0,Calidad,CHOICE ,1,1,Marca,COMNOR ,1,1,Piezas,1,1,1
,,70012221,ARRACHERA MARINADA CONTRY ,1,1,visible,ARRACHERA MARINADA calidad Selecta.\nMarca: Comnor\nPeso Aproximado 3 k g.\n1 pieza,La Arrachera Marinada consiste en piezas individuales obtenidas  del mœsculo interno transversus abdominis (Inside skirt) por lo que es una corte fino muy suave y de gran sabor. ,,,none,tasa-cero,1,,,0,0,,,,,0,,,$480,Carne de Res,,Repartidor,"http://localhost/meatindeed/wp-content/uploads/2022/01/70012221.jpg, http://localhost/meatindeed/wp-content/uploads/2022/01/70012221-2.jpg",,,,,,,,,0,Peso aprox.,3 Kg,1,0,Calidad,,1,1,Marca,COMNOR ,1,1,Piezas,1,1,1
,,70012249,ARRACHERA CHEFS VIGAR,1,1,visible,ARRACHERA calidad Selecta Nacional.\nMarca: Vigar\nPeso Aproximado 1 k g.\n1 pieza,"La Arrachera Marinada marca Vigar, consiste en piezas individuales obtenidas  del mœsculo interno transversus abdominis (Inside skirt) por lo que es una corte fino muy suave y de gran sabor. Cada paquete pesa 1 kg aprox.",,,none,tasa-cero,1,,,0,0,,,,,0,,,$379,Carne de Res,,Repartidor,"http://localhost/meatindeed/wp-content/uploads/2022/01/70012249.jpg, http://localhost/meatindeed/wp-content/uploads/2022/01/70012249-2.jpg",,,,,,,,,0,Peso aprox.,1Kg,1,0,Calidad,SELECTA NACIONAL ,1,1,Marca,VIGAR,1,1,Piezas,1,1,1
,,70012226,ARRACHERA MARINADA REGIA ,1,1,visible,ARRACHERA MARINADA calidad Estandar Nacional.\nMarca: Rancho del Norte\nPeso Aproximado 3 k g.\n1 pieza,"La Arrachera Marinada marca Rancho Norte, consiste en piezas individuales obtenidas  del mœsculo interno transversus abdominis (Inside skirt) por lo que es una corte fino muy suave y de gran sabor. Cada paquete pesa 3 kg aprox.",,,none,tasa-cero,1,,,0,0,,,,,0,,,$219,Carne de Res,,Repartidor,"http://localhost/meatindeed/wp-content/uploads/2022/01/70012226.jpg, http://localhost/meatindeed/wp-content/uploads/2022/01/70012226-2.jpg",,,,,,,,,0,Peso aprox.,3 Kg,1,0,Calidad,ESTANDAR NACIONAL ,1,1,Marca,RANCHO DEL NORTE ,1,1,Piezas,1,1,1
,,70012266,ARRACHERA CHEFS,0,1,visible,ARRACHERA calidad Selecta Nacional.\nMarca: Vigar\nPeso Aproximado 600 g.\n1 pieza,"La Arrachera Marinada marca Vigar, consiste en piezas individuales obtenidas  del mœsculo interno transversus abdominis (Inside skirt) por lo que es una corte fino muy suave y de gran sabor. Cada paquete pesa 600 gm aprox.",,,none,tasa-cero,1,,,0,0,,,,,0,,,$378,Carne de Res,,Repartidor,"http://localhost/meatindeed/wp-content/uploads/2022/01/70012266.jpg, http://localhost/meatindeed/wp-content/uploads/2022/01/70012266-2.jpg",,,,,,,,,0,Peso aprox.,600 g,1,0,Calidad,SELECTA NACIONAL ,1,1,Marca,VIGAR,1,1,Piezas,1,1,1
,,70013606,HAMBURGUESA 4 OZ GRILL ,1,1,visible,HAMBURGUESA calidad Estandar Nacional.\nMarca: Rancho del Norte\nPeso Aproximado 113 g.\n20 piezas por pedido,40 piezas de hamburguesa marca Rancho Norte. Cada una pesa 113 gm y el paquete completo pesa4.5 Kg. Excelente sabor y se puede descongelar por partes para mantener la textura.,,,none,tasa-cero,1,,,0,0,,,,,0,,,$213,Carne de Res,,Repartidor,"http://localhost/meatindeed/wp-content/uploads/2022/01/70013606.jpg, http://localhost/meatindeed/wp-content/uploads/2022/01/70013606-2.jpg",,,,,,,,,0,Peso aprox.,113 g,1,0,Calidad,ESTANDAR NACIONAL ,1,1,Marca,RANCHO DEL NORTE ,1,1,Piezas,20,1,1
,,70013604,HAMBURGUESA 4 OZ ESPECIAL,1,1,visible,HAMBURGUESA calidad Estandar Nacional.\nMarca: Rancho del Norte\nPeso Aproximado 113 g.\n20 piezas por pedido,OJO: NO VEO DIFERENCIA CON EL PRODUCTO ANTERIOR,,,none,tasa-cero,1,,,0,0,,,,,0,,,$266,Carne de Res,,Repartidor,"http://localhost/meatindeed/wp-content/uploads/2022/01/70013604.jpg, http://localhost/meatindeed/wp-content/uploads/2022/01/70013604-2.jpg",,,,,,,,,0,Peso aprox.,113 g,1,0,Calidad,ESTANDAR NACIONAL ,1,1,Marca,RANCHO DEL NORTE ,1,1,Piezas,20,1,1
,,70013602,HAMBURGUESA 4 OZ CAB,1,1,visible,HAMBURGUESA calidad High Choice.\nMarca: Certified Angus Beef\nPeso Aproximado 113 g.\n20 piezas por pedido,40 piezas de hamburguesa marca  Certified Angus Beef . Cada una pesa 113 gm y el paquete completo pesa4.5 Kg. Excelente sabor y se puede descongelar por partes para mantener la textura.,,,none,tasa-cero,1,,,0,0,,,,,0,,,$439,Carne de Res,,Repartidor,"http://localhost/meatindeed/wp-content/uploads/2022/01/70013602.jpg, http://localhost/meatindeed/wp-content/uploads/2022/01/70013602-2.jpg",,,,,,,,,0,Peso aprox.,113 g,1,0,Calidad,HIGH CHOICE ,1,1,Marca,CERTIFIED ANGUS BEEF ,1,1,Piezas,20,1,1
,,70013617,HAMBURGUESA 6 OZ ESPECIAL,1,1,visible,HAMBURGUESA calidad High Choice.\nMarca: Certified Angus Beef\nPeso Aproximado 170 g.\n14 piezas por pedido,28 piezas de hamburguesa marca Rancho Norte. Cada una pesa 170 gm y el paquete completo pesa 4.760 Kg. Excelente sabor y se puede descongelar por partes para mantener la textura.,,,none,tasa-cero,1,,,0,0,,,,,0,,,$260,Carne de Res,,Repartidor,"http://localhost/meatindeed/wp-content/uploads/2022/01/70013617.jpg, http://localhost/meatindeed/wp-content/uploads/2022/01/70013617-2.jpg",,,,,,,,,0,Peso aprox.,170 g,1,0,Calidad,ESTANDAR NACIONAL ,1,1,Marca,RANCHO DEL NORTE ,1,1,Piezas,14,1,1
,,70013616,HAMBURGUESA 6 OZ CAB,1,1,visible,HAMBURGUESA calidad High Choice.\nMarca: Certified Angus Beef\nPeso Aproximado 170 g.\n14 piezas por pedido,28 piezas de hamburguesa marca  Certified Angus Beef . Cada una pesa 170 gm y el paquete completo pesa 4.760 Kg. Excelente sabor y se puede descongelar por partes para mantener la textura.,,,none,tasa-cero,1,,,0,0,,,,,0,,,$448,Carne de Res,,Repartidor,"http://localhost/meatindeed/wp-content/uploads/2022/01/70013616.jpg, http://localhost/meatindeed/wp-content/uploads/2022/01/70013616-2.jpg",,,,,,,,,0,Peso aprox.,170 g,1,0,Calidad,HIGH CHOICE ,1,1,Marca,CERTIFIED ANGUS BEEF ,1,1,Piezas,14,1,1
,,70013619,HAMBURGUESA 7.25 OZ CAB  ,1,1,visible,HAMBURGUESA calidad High Choice.\nMarca: Certified Angus Beef\nPeso Aproximado 205 g.\n12 piezas por pedido,24 piezas de hamburguesa marca  Certified Angus Beef . Cada una pesa 205 gm y el paquete completo pesa 4.900 Kg. Excelente sabor y se puede descongelar por partes para mantener la textura.,,,none,tasa-cero,1,,,0,0,,,,,0,,,$445,Carne de Res,,Repartidor,"http://localhost/meatindeed/wp-content/uploads/2022/01/70013619.jpg, http://localhost/meatindeed/wp-content/uploads/2022/01/70013619-3.jpg, http://localhost/meatindeed/wp-content/uploads/2022/01/70013619-3.jpg",,,,,,,,,0,Peso aprox.,205 g,1,0,Calidad,HIGH CHOICE ,1,1,Marca,CERTIFIED ANGUS BEEF ,1,1,Piezas,12,1,1
,,70013624,HAMBURGUESA 8 OZ CAB ,1,1,visible,HAMBURGUESA calidad High Choice.\nMarca: Certified Angus Beef\nPeso Aproximado 227 g.\n10 piezas por pedido,5 piezas de hamburguesa marca  Certified Angus Beef . Cada una pesa 227 gm y el paquete completo pesa 1.130 Kg. Excelente sabor y se puede descongelar por partes para mantener la textura.,,,none,tasa-cero,1,,,0,0,,,,,0,,,$451,Carne de Res,,Repartidor,"http://localhost/meatindeed/wp-content/uploads/2022/01/70013624.jpg, http://localhost/meatindeed/wp-content/uploads/2022/01/70013624-2.jpg, http://localhost/meatindeed/wp-content/uploads/2022/01/70013624-3.jpg",,,,,,,,,0,Peso aprox.,227 g,1,0,Calidad,HIGH CHOICE ,1,1,Marca,CERTIFIED ANGUS BEEF ,1,1,Piezas,10,1,1
,,70013627,HAMBURGUESA 8 OZ WAGYU AMER SR  ,1,1,visible,HAMBURGUESA calidad Wagyu Americana.\nMarca: Snake River Farms\nPeso Aproximado 227 g.\n10 piezas por pedido,20 piezas de hamburguesa marca Snake River Farms  . Cada una pesa 227 gm y el paquete completo pesa 4.500 Kg. Excelente sabor y se puede descongelar por partes para mantener la textura.,,,none,tasa-cero,1,,,0,0,,,,,0,,,$809,Carne de Res,,Repartidor,"http://localhost/meatindeed/wp-content/uploads/2022/01/70013627.jpg, http://localhost/meatindeed/wp-content/uploads/2022/01/70013627-2.jpg, http://localhost/meatindeed/wp-content/uploads/2022/01/70013627-3.jpg",,,,,,,,,0,Peso aprox.,227 g,1,0,Calidad,WAGYU ,1,1,Marca,SNAKE RIVER FARMS ,1,1,Piezas,10,1,1
,,70013636,CARNE MOLIDA 80/20   CAB ,1,1,visible,CARNE MOLIDA calidad High Choice.\nMarca: Certified Angus Beef\nPeso Aproximado 4.5 g.\n1 pieza,"Con la Carne Molida 80/20 podr‡s realizar una amplia variedad de recetas. Con esta carne tienes la opci—n de hacer una comida completa ya que es ideal para guisar, fre’r o cocer, est‡ compuesta de 80% carne de res y 20% grasa, por lo que puedes estar seguro de tener un producto de gran calidad Angus Beef: La mejor calidad ""high choice"" asegurada gracias a Certified Angus Beef, una marca creada por la American Angus Association establecida en 1978. Solo 3 de cada 10 angus califican para ser Certified Angus Beef‘Œ, para ello deben pasar 10 est‡ndares de calidad divididos en categor’as como marmoleo, madurez, tama–o consistente, apariencia y terneza.",,,none,tasa-cero,1,,,0,0,,,,,0,,,$196,Carne de Res,,Repartidor,"http://localhost/meatindeed/wp-content/uploads/2022/01/70013636.jpg, http://localhost/meatindeed/wp-content/uploads/2022/01/70013636-2.jpg",,,,,,,,,0,Peso aprox.,4.5 Kg,1,0,Calidad,HIGH CHOICE ,1,1,Marca,CERTIFIED ANGUS BEEF ,1,1,Piezas,1,1,1
,,70013649,CARNE MOLIDA 81/19 IMP CAB,1,1,visible,CARNE MOLIDA calidad High Choice.\nMarca: Certified Angus Beef\nPeso Aproximado 4.5 g.\n1 pieza,"La Carne Molida 81/19 es ideal para realizar una amplia variedad de recetas. Con esta carne tienes la opci—n de hacer una comida completa ya que es ideal para guisar, fre’r o cocer, est‡ compuesta de 81% carne de res y 19% grasa, por lo que puedes estar seguro de tener un producto de gran calidad. ",,,none,tasa-cero,1,,,0,0,,,,,0,,,$182,Carne de Res,,Repartidor,"http://localhost/meatindeed/wp-content/uploads/2022/01/70013649.jpg, http://localhost/meatindeed/wp-content/uploads/2022/01/70013649-2.jpg, http://localhost/meatindeed/wp-content/uploads/2022/01/70013649-3.jpg",,,,,,,,,0,Peso aprox.,4.5 Kg,1,0,Calidad,HIGH CHOICE ,1,1,Marca,CERTIFIED ANGUS BEEF ,1,1,Piezas,1,1,1
,,70013642,CARNE MOLIDA 80/20 CHOICE,1,1,visible,CARNE MOLIDA calidad Choice.\nMarca: Comnor\nPeso Aproximado 4.5 g.\n1 pieza,"La Carne Molida 80/20 es ideal para realizar una amplia variedad de recetas. Con esta carne tienes la opci—n de hacer una comida completa ya que es ideal para guisar, fre’r o cocer, puedes estar seguro de tener un producto de gran calidad. ComNor Choice: La calidad ""Choice"" de ComNor certificada por la USDA por su marmoleo modesto a moderado. Esta carne importada tiene entre su ganado razas europeas con nutrici—n a base de grano y ningœn promotor de crecimiento. ",,,none,tasa-cero,1,,,0,0,,,,,0,,,$174,Carne de Res,,Repartidor,"http://localhost/meatindeed/wp-content/uploads/2022/01/70013642.jpg, http://localhost/meatindeed/wp-content/uploads/2022/01/70013642-2.jpg",,,,,,,,,0,Peso aprox.,4.5 Kg,1,0,Calidad,CHOICE ,1,1,Marca,COMNOR ,1,1,Piezas,1,1,1
,,70013647,CARNE MOLIDA 80/20 ESPECIAL,1,1,visible,CARNE MOLIDA calidad Estandar Nacional.\nMarca: Rancho del Norte\nPeso Aproximado 4.5 g.\n1 pieza,"La Carne Molida 80/20 es ideal para realizar una amplia variedad de recetas. Con esta carne tienes la opci—n de hacer una comida completa ya que es ideal para guisar, fre’r o cocer, est‡ compuesta de 80% carne de res y 20% grasa, por lo que puedes estar seguro de tener un producto de gran calidad. Respaldada por la calidad de productos Rancho Norte.  Excelente calidad de res nacional elaborada orgullosamente en la ciudad de Monterrey. Rancho norte busca darle al consumidor una gran variedad de productos para sus comidas al mejor precio.",,,none,tasa-cero,1,,,0,0,,,,,0,,,$137,Carne de Res,,Repartidor,"http://localhost/meatindeed/wp-content/uploads/2022/01/70013647.jpg, http://localhost/meatindeed/wp-content/uploads/2022/01/70013647-2.jpg, http://localhost/meatindeed/wp-content/uploads/2022/01/70013647-3.jpg",,,,,,,,,0,Peso aprox.,4.5 Kg,1,0,Calidad,ESTANDAR NACIONAL ,1,1,Marca,RANCHO DEL NORTE ,1,1,Piezas,1,1,1
,,70013643,CARNE MOL  RES 80/20  ESPECIAL,1,1,visible,CARNE MOLIDA calidad Estandar Nacional.\nMarca: Rancho del Norte\nPeso Aproximado 4.5 g.\n1 pieza,"Con la Carne Molida 80/20 podr‡s realizar una amplia variedad de recetas. Con esta carne tienes la opci—n de hacer una comida completa ya que es ideal para guisar, fre’r o cocer, est‡ compuesta de 80% carne de res y 20% grasa, por lo que puedes estar seguro de tener un producto de gran calidad.",,,none,tasa-cero,1,,,0,0,,,,,0,,,$115,Carne de Res,,Repartidor,"http://localhost/meatindeed/wp-content/uploads/2022/01/70013643.jpg, http://localhost/meatindeed/wp-content/uploads/2022/01/70013643-2.jpg, http://localhost/meatindeed/wp-content/uploads/2022/01/70013643-3.jpg",,,,,,,,,0,Peso aprox.,4.5 Kg,1,0,Calidad,ESTANDAR NACIONAL ,1,1,Marca,RANCHO DEL NORTE ,1,1,Piezas,1,1,1
,,70030001,LAMB RACK FRANCES,0,1,visible,LAMB RACK calidad Nueva Zelanda.\nMarca: Agneau\nPeso Aproximado 1 kg.\n1 pieza,"El Lamb Rack Frances o Costillar de Cordero se obtiene del corte de las costillas adheridas al semiespinoso, a las cuales se les retira la grasa. La carne tiene un gran sabor, su textura se distingue por ser suave y jugosa.",,,none,tasa-cero,1,,,0,0,,,,,0,,,$881,Carne de Cordero,,Repartidor,"http://localhost/meatindeed/wp-content/uploads/2022/01/70030001.jpg, http://localhost/meatindeed/wp-content/uploads/2022/01/70030001-2.jpg, http://localhost/meatindeed/wp-content/uploads/2022/01/70030001-3.jpg",,,,,,,,,0,Peso aprox.,1 Kg,1,0,Calidad,NUEVA ZELANDA ,1,1,Marca,AGNEAU ,1,1,Piezas,1,1,1
,,70030000,LAMB RACK,0,1,visible,LAMB RACK  Marca: Taylor Preston\nPeso Aproximado 1.3 kg.\n1 pieza,"El Rack de Cordero o Costillar de Cordero se obtiene del corte de las costillas adheridas al semiespinazo, a las cuales se les retira la grasa. La carne tiene un gran sabor, su textura se distingue por ser suave y jugosa.",,,none,tasa-cero,1,,,0,0,,,,,0,,,$522,Carne de Cordero,,Repartidor,"http://localhost/meatindeed/wp-content/uploads/2022/01/70030000.jpg, http://localhost/meatindeed/wp-content/uploads/2022/01/70030000-2.jpg",,,,,,,,,0,Peso aprox.,1.3 Kg,1,0,Calidad,,1,1,Marca,TAYLOR PRESTON ,1,1,Piezas,1,1,1
,,70030003,PIERNA DE CORDERO C/H ,0,1,visible,PIERNA DE CORDERO calidad Nueva Zelanda.\nMarca: Agneau\nPeso Aproximado 7.5 kg.\n1 pieza,"La Pierna de Cordero consiste en una de las patas traseras del cordero. Consiente a tus clientes con este corte grande, magro y tierno, ya sea cocinado entero o en cortes m‡s pequeÍ±os.‘_New Zealand Spring Lamb: Marca reconocida internacionalmente por su calidad en cortes de Cordero.",,,none,tasa-cero,1,,,0,0,,,,,0,,,$365,Carne de Cordero,,Repartidor,"http://localhost/meatindeed/wp-content/uploads/2022/01/70030003.jpg, http://localhost/meatindeed/wp-content/uploads/2022/01/70030003-3.jpg",,,,,,,,,0,Peso aprox.,7.5 Kg,1,0,Calidad,NUEVA ZELANDA ,1,1,Marca,NEW ZELAND SPRING LAMB ,1,1,Piezas,1,1,1
,,70060000,PATO ,0,1,visible,PATO  Marca: Maple Leaf\nPeso Aproximado 2.5 kg.\n1 pieza,"El Pato Maple Leaf es ideal para preparar un exquisito platillo. El pato es una carne de ave nutritiva y deliciosa, que aporta una buena cantidad de prote’nas, adem‡s de vitaminas y minerales.",,,none,tasa-cero,1,,,0,0,,,,,0,,,$183,Aves,,Repartidor,"http://localhost/meatindeed/wp-content/uploads/2022/01/70060000.jpg, http://localhost/meatindeed/wp-content/uploads/2022/01/70060000-2.jpg, http://localhost/meatindeed/wp-content/uploads/2022/01/70060000-3.jpg",,,,,,,,,0,Peso aprox.,2.5 Kg,1,0,Calidad,,1,1,Marca,MAPLE LEAF ,1,1,Piezas,1,1,1
,,70060002,PECHUGA DE PATO,0,1,visible,PECHUGA DE PATO Marca: Maple Leaf\nPeso Aproximado 875 g.\n1 pieza,"La Pechuga de Pato Maple Leaf es de la m‡s alta calidad y es ideal para preparar un exquisito platillo. El pato es una carne de ave nutritiva y deliciosa, que aporta una buena cantidad de prote’nas, adem‡s de vitaminas y minerales.",,,none,tasa-cero,1,,,0,0,,,,,0,,,$742,Aves,,Repartidor,"http://localhost/meatindeed/wp-content/uploads/2022/01/70060002.jpg, http://localhost/meatindeed/wp-content/uploads/2022/01/70060002-2.jpg, http://localhost/meatindeed/wp-content/uploads/2022/01/70060002-3.jpg",,,,,,,,,0,Peso aprox.,875 g,1,0,Calidad,,1,1,Marca,MAPLE LEAF ,1,1,Piezas,1,1,1
,,70020009,VEAL TOP ROUND LIMPIA,1,1,visible,VEAL RACK Marca: Provimi\nPeso Aproximado 2.5 kg.\n1 pieza,El Veal Top Round es el mœsculom‡s grande de la pierna de la ternera. Es un corte tierno y jugoso perfecto para incluir en tu menœ ideal para preparar una variedad de platillos.,,,none,tasa-cero,1,,,0,0,,,,,0,,,"$1,032",Carne de Res,,Repartidor,"http://localhost/meatindeed/wp-content/uploads/2022/01/70020009.jpg, http://localhost/meatindeed/wp-content/uploads/2022/01/70020009-2.jpg",,,,,,,,,0,Peso aprox.,2.5 Kg,1,0,Calidad,,1,1,Marca,PROVIMI ,1,1,Piezas,1,1,1
,,70020018,VEAL CHOP 10 OZ FRANCES,0,1,visible,VEAL CHOP Marca: Provimi\nPeso Aproximado 283 g.\n3 piezas por pedido,El Veal Chop 10 Oz FrancŽs consiste en porciones individuales extra’das a partir de las costillas de la ternera. Es un corte tierno y jugoso perfecto para incluir en tu menœ ideal para preparar una gran variedad de platillos.,,,none,tasa-cero,1,,,0,0,,,,,0,,,"$1,228",Carne de Res,,Repartidor,"http://localhost/meatindeed/wp-content/uploads/2022/01/70020018.jpg, http://localhost/meatindeed/wp-content/uploads/2022/01/70020018-2.jpg",,,,,,,,,0,Peso aprox.,283 g,1,0,Calidad,,1,1,Marca,PROVIMI ,1,1,Piezas,3,1,1
,,70040026,PORK RACK KUROBUTA SRF,0,1,visible,PORK RACK KUROBUTA calidad Wagyu Americana.\nMarca: Snake River Farms\nPeso Aproximado 3.85 kg.\n1 pieza,"El Pork Rack Kurobuta consiste en el corte que proviene de la zona de la costilla del lomo, por lo que contiene un poco m‡s de grasa lo que lo hace delicioso. El cerdo Berkshire o Kurobuta de Snake River Farms, se considera al equivalente culinario de la carne Wagyu y es muy apreciado por su marmoleo interno. Esto es debido a que para mejorar el veteado y el sabor, los cerdos son alimentados lentamente con una mezcla de granos cuidadosamente balanceada. Haciendo que de esta forma su carne tenga un sabor, jugosidad y suavidad superior, as’ como un color mucho m‡s oscuro.",,,none,tasa-cero,1,,,0,0,,,,,0,,,"$2,220",Carne de Cerdo,,Repartidor,"http://localhost/meatindeed/wp-content/uploads/2022/01/70040026.jpg, http://localhost/meatindeed/wp-content/uploads/2022/01/70040026-2.jpg",,,,,,,,,0,Peso aprox.,3.85 Kg,1,0,Calidad,WAGYU ,1,1,Marca,SNAKE RIVER FARMS ,1,1,Piezas,1,1,1
,,70070000,FILETE DE SALMON PREMIUM,1,1,visible,,"El Filete de salm—n Premium es ideal para incluir platillos nutritivos en tu menœ. Las caracter’sticas del salm—n lo vuelven parte de una alimentaci—n saludable, ya que es una gran fuente de prote’na.",,,none,tasa-cero,1,,,0,0,,,,,0,,,$808,Pescados,,Repartidor,"http://localhost/meatindeed/wp-content/uploads/2022/01/70070000.jpg, http://localhost/meatindeed/wp-content/uploads/2022/01/70070000-2.jpg, http://localhost/meatindeed/wp-content/uploads/2022/01/70070000-3.jpg",,,,,,,,,0,Peso aprox.,1.8 Kg,1,0,Calidad,,1,1,Marca,,1,1,Piezas,1,1,1
,,70070006,MEDALLON ATUN 8 OZ,1,1,visible,,"El Medall—n de Atœn 8 Oz (227 G) viene embolsado y sellado al vac’o. El atœn aleta amarilla Tuny es capturado en el OŽano Pac’fico Oriental por la flota atunera m‡s moderna de MŽxico. No contiene conservadores, es apto para preparaciones en crudo y perfecto para un platillo balanceado rico en prote’nas y con un sabor delicioso.",,,none,tasa-cero,1,,,0,0,,,,,0,,,$64,Pescados,,Repartidor,"http://localhost/meatindeed/wp-content/uploads/2022/01/70070006.jpg, http://localhost/meatindeed/wp-content/uploads/2022/01/70070006-2.jpg",,,,,,,,,0,Peso aprox.,227 g,1,0,Calidad,,1,1,Marca,TUNY ,1,1,Piezas,1,1,1
,,180,JAMON SERRANO SAN RAFAEL,1,1,visible,JAMON SERRANO San Rafaelpresentaci—n de 100 g.,"Prueba el Jam—n Serrano San Rafael, en presentaci—n de paquete de 100 gramos en finas rebanadas, empacado al vacio. En San Rafael, la elecci—n de los expertos, nos sentimos orgullosos de ser tu aliado en la cocina para consentir a tu familia.",,,none,tasa-cero,1,,,0,0,,,,,0,,,$97,Carnes Fr’as,,Repartidor,http://localhost/meatindeed/wp-content/uploads/2022/01/180.jpg,,,,,,,,,0,Peso aprox.,100 g,1,0,Calidad,,1,1,Marca,SAN RAFAEL ,1,1,Piezas,1,1,1
,,5195,JAMON SERRANO TANGAMANGA,0,1,visible,JAMON SERRANO presentaci—n de 100 g.,"Elaborado artesanalmente e importado de Espa–a, con las mejores piernas de cerdo y cuidadoso proceso de maduraci—n y con sabor caracter’sticos.",,,none,tasa-cero,1,,,0,0,,,,,0,,,$42,Carnes Fr’as,,Repartidor,http://localhost/meatindeed/wp-content/uploads/2022/01/5195.jpg,,,,,,,,,0,Peso aprox.,100 g,1,0,Calidad,,1,1,Marca,TANGAMANGA ,1,1,Piezas,1,1,1
,,5194,JAMON SERRANO A GRANEL,1,1,visible,JAMON SERRANO Tangamanga,"Tangamanga es una marca de Sigma Alimentos, nuestro Jam—n Serrano fue curado en las sierras espa–olas, sabor œnico, de donde proviene su nombre. Ah’ se perfeccion— el arte de salar y curar jamones. El color rojizo que se observa en cada rebanada es el resultado del cuidado que le ponemos a cada paso de la curaci—n. Presentaci—n de 5.6 Kg.",,,none,tasa-cero,1,,,0,0,,,,,0,,,"$2,180",Carnes Fr’as,,Repartidor,http://localhost/meatindeed/wp-content/uploads/2022/01/5195.jpg,,,,,,,,,0,Peso aprox.,5.6 Kg,1,0,Calidad,,1,1,Marca,TANGAMANGA ,1,1,Piezas,1,1,1
,,5170,LOMO CANADIENSE ,1,1,visible,LOMO CANADIENSE Tangamanga,Lomo Canadiense Tangamanga se caracteriza por ser un producto con alto contenido en prote’nas por contener menos grasa que otros cortes o conservas. Es producido 100% a partir de carnes deliciosas y magras de nuestra selecci—n.,,,none,tasa-cero,1,,,0,0,,,,,0,,,$249,Carnes Fr’as,,Repartidor,http://localhost/meatindeed/wp-content/uploads/2022/01/5170.jpg,,,,,,,,,0,Peso aprox.,800 g,1,0,Calidad,,1,1,Marca,TANGAMANGA ,1,1,Piezas,1,1,1
,,17596,LOMO AHUMADO ,1,1,visible,LOMO AHUMADO Bernina 200 g,Producto empacado al vac’o en pl‡stico film sin presencia de agua libre. Rebanadas en forma circular con orilla de color m‡s intenso acomodadas en forma escalonada,,,none,tasa-cero,1,,,0,0,,,,,0,,,$108,Carnes Fr’as,,Repartidor,http://localhost/meatindeed/wp-content/uploads/2022/01/17596.jpg,,,,,,,,,0,Peso aprox.,200 g,1,0,Calidad,,1,1,Marca,BERNINA ,1,1,Piezas,1,1,1
,,4950,CHORIZO ESPA„OL ,1,1,visible,CHORIZO ESPA„OL  Tangamanga 100 g,"Prueba el sabor del Chorizo Tangamanga, el cual su sabor se distingue gracias a su fina elaboraci—n con carne proveniente de las partes delanteras del cerdo. Ideal para darle un toque diferente.",,,none,tasa-cero,1,,,0,0,,,,,0,,,$26,Carnes Fr’as,,Repartidor,http://localhost/meatindeed/wp-content/uploads/2022/01/4950.jpg,,,,,,,,,0,Peso aprox.,100 g,1,0,Calidad,,1,1,Marca,TANGAMANGA ,1,1,Piezas,1,1,1
,,116,PECHUGA DE PAVO VIRGINIA ,1,1,visible,PECHUGA DE PAVO VIRGINIA FUD,"Pechuga de Pavo Virginia FUD de 250 gramos es el complemento ideal para una comida saludable y deliciosa. Bajo en grasa y rico en proteÍ_na, respaldado por la calidad y el sabor de los productos FUD. Empaquetado en rebanadas listo para ser utilizado. Prepara comidas saludables como sÍndwiches de pavo o ensaladas con proteÍ_na que son una buena fuente de energÍ_a.",,,none,tasa-cero,1,,,0,0,,,,,0,,,$62,Carnes Fr’as,,Repartidor,http://localhost/meatindeed/wp-content/uploads/2022/01/116.jpg,,,,,,,,,0,Peso aprox.,259 g,1,0,Calidad,,1,1,Marca,FUD ,1,1,Piezas,1,1,1
,,12,PECHUGA DE PAVO,1,1,visible,PECHUGA DE PAVO San Rafael,"Pechuga de Pavo San Rafael es un producto bajo en sodio y gran fuente de prote’na, con excelente sabor y de alta calidad, ideal para la preparaci—n de bocadillos, ensaladas o guisados. Respaldada por la calidad y el gran sabor de los productos San Rafael. Empaquetado en rebanadas listo para ser utilizado.",,,none,tasa-cero,1,,,0,0,,,,,0,,,$79,Carnes Fr’as,,Repartidor,http://localhost/meatindeed/wp-content/uploads/2022/01/12.jpg,,,,,,,,,0,Peso aprox.,250 g,1,0,Calidad,,1,1,Marca,SAN RAFAEL ,1,1,Piezas,1,1,1
,,294,SALCHICHA PAVO 500 GRS,1,1,visible,SALCHICHA PAVO 500 g San Rafael,"Carne de pavo con delicioso sabor y versatilidad para diferentes platillos. Su empaque semirr’gido y resellable en porciones es ideal para conservar frescura. Util’zalo para la alimentaci—n diaria en cualquier momento de consumo, como desayuno combinado con huevo, en la comida en algœn guiso, o para la cena como un hot dog. Incluso como snack para chicos o grandes, acompa–ado con lim—n. 8 salchichas empaquetadas.",,,none,tasa-cero,1,,,0,0,,,,,0,,,$51,Carnes Fr’as,,Repartidor,http://localhost/meatindeed/wp-content/uploads/2022/01/294.jpg,,,,,,,,,0,Peso aprox.,500 g,1,0,Calidad,,1,1,Marca,SAN RAFAEL ,1,1,Piezas,1,1,1
,,890,SALCHICHA HOT DOG,1,1,visible,SALCHICHA FUD,"Salchicha Hot Dog FUD, 1 Kg, es la salchicha ideal para un hot dog o un platillo m‡s elaborado. Respaldado por la calidad y el sabor tradicional de los productos FUD. Salchichas que resaltarÍn el sabor de tus platillos, haciendolos deliciosos y saludables.",,,none,tasa-cero,1,,,0,0,,,,,0,,,$84,Carnes Fr’as,,Repartidor,http://localhost/meatindeed/wp-content/uploads/2022/01/890.jpg,,,,,,,,,0,Peso aprox.,1 Kg,1,0,Calidad,,1,1,Marca,FUD ,1,1,Piezas,1,1,1
,,380,SALCHICHA JUMBO,1,1,visible,SALCHICHA JUMBO ORIGINAL 454g Oscar Mayer,Salchicha Jumbo Original de Oscar Mayer es la salchicha ideal para un hot dog o un platillo m‡s elaborado. Respaldado por la calidad y el sabor tradicional de los productos Oscar Mayer. Cada paquete contiene 6 salchichas que resaltar‡n el sabor de tus platillos.,,,none,tasa-cero,1,,,0,0,,,,,0,,,$121,Carnes Fr’as,,Repartidor,http://localhost/meatindeed/wp-content/uploads/2022/01/380.jpg,,,,,,,,,0,Peso aprox.,454 g,1,0,Calidad,,1,1,Marca,OSCAR MAYER ,1,1,Piezas,1,1,1
,,307,SALCHICHA PARA ASAR,1,1,visible,SALCHICHA PARA ASAR 800g Chimex,"La Salchicha para asar Chimex en su presentaci—n de 800 gramos es ideal para acompa–ar con platillos de carnes asadas o parrilladas. Util’zalas como complemento de tus platillos, picadas en queso fundido o como brochetas acompa–as de vegetales",,,none,tasa-cero,1,,,0,0,,,,,0,,,$65,Carnes Fr’as,,Repartidor,http://localhost/meatindeed/wp-content/uploads/2022/01/307.jpg,,,,,,,,,0,Peso aprox.,800 g,1,0,Calidad,,1,1,Marca,CHIMEX TRIBUS DE FUEGO ,1,1,Piezas,1,1,1
,,10878,QUESO PANELA CREMOSO ,0,1,visible,,"Queso Panela cremoso de la marca Franja, presentaci—n de 1 kilo. Alimento vers‡til para preparar ricas comidas como ensaladas, s‡ndwiches, queso a la plancha, entre otros.",,,none,tasa-cero,1,,,0,0,,,,,0,,,$108,Quesos,,Repartidor,http://localhost/meatindeed/wp-content/uploads/2022/01/10878.jpg,,,,,,,,,0,Peso aprox.,1 Kg,1,0,Calidad,,1,1,Marca,FRANJA ,1,1,Piezas,1,1,1
,,8150,QUESO PANELA ,1,1,visible,QUESO PANELA La Villita,"El Queso Panela La Villita es de consistencia cremosa y f‡cil de rebanar. Blando al paladar. Para una botana saludable. Producto de alta funcionalidad, versatil y que permite reducci—n de costos.",,,none,tasa-cero,1,,,0,0,,,,,0,,,$242,Quesos,,Repartidor,"http://localhost/meatindeed/wp-content/uploads/2022/01/8150.jpg, http://localhost/meatindeed/wp-content/uploads/2022/01/8150-2.jpg",,,,,,,,,0,Peso aprox.,1.8 Kg,1,0,Calidad,,1,1,Marca,LA VILLITA ,1,1,Piezas,1,1,1
,,10506,QUESO PANELA CREMOSO ,1,1,visible,QUESO PANELA CREMOSO Noche Buena,"El Queso Panela Noche Buena, esta hecho a base de leche entera de vaca y adem‡s de ser delicioso, es cremoso, suave y f‡cil de rebanar. Prepara exquisitas recetas con este queso vers‡til, ya sea en pastas, ensaladas o cualquiera de tus platillos favoritos.",,,none,tasa-cero,1,,,0,0,,,,,0,,,$383,Quesos,,Repartidor,http://localhost/meatindeed/wp-content/uploads/2022/01/10506.jpg,,,,,,,,,0,Peso aprox.,2.2 Kg,1,0,Calidad,,1,1,Marca,NOCHEBUENA ,1,1,Piezas,1,1,1
,,8033,QUESO OAXACA ,1,1,visible,QUESO OAXACA La Villita,"El Queso Oaxaca La Villita es el ingrediente ideal para cualquier platillo, desde comida mexicana, hasta deliciosas sincronizadas ya que se funde rÍpidamente al contacto con el calor. Queso que aporta una considerable cantidad de calcio necesaria para el buen funcionamiento del organismo. Producto que permite reducciÍ_n de costos, excelente fundido con hebra larga.",,,none,tasa-cero,1,,,0,0,,,,,0,,,$81,Quesos,,Repartidor,http://localhost/meatindeed/wp-content/uploads/2022/01/8033.jpg,,,,,,,,,0,Peso aprox.,400 g,1,0,Calidad,,1,1,Marca,LA VILLITA ,1,1,Piezas,1,1,1
,,10518,QUESO OAXACA 3KG ,1,1,visible,QUESO OAXACA Noche buena,"El Queso Oaxaca Noche Buena es el ingrediente ideal para cualquier platillo, desde comida mexicana hasta deliciosas sincronizadas ya que se funde r‡pidamente al contacto con el calor. Queso que aporta una considerable cantidad de calcio necesaria para el buen funcionamiento del organismo. Producto que permite reducci—n de costos, excelente fundido con hebra larga.",,,none,tasa-cero,1,,,0,0,,,,,0,,,$623,Quesos,,Repartidor,http://localhost/meatindeed/wp-content/uploads/2022/01/10518.jpg,,,,,,,,,0,Peso aprox.,3 Kg,1,0,Calidad,,1,1,Marca,NOCHEBUENA ,1,1,Piezas,1,1,1
,,10538,QUESO MANCHEGO REBANADO ,1,1,visible,QUESO MANCHEGO Noche Buena,Queso Tipo Manchego en Rebanadas Nochebuena de 400 gramos. Disfrœtalo en muchas recetas de cocina internacional y sobre todo para la preparaci—n de platillos mexicanos como las enchiladas suizas o simplemente para gratinar cualquier carne o incluso algunos vegetales. Es un queso fino que por su vers‡til presentaci—n puedes usar f‡cilmente en la mayor’a de los alimentos y darles un sabor nuevo y delicioso.,,,none,tasa-cero,1,,,0,0,,,,,0,,,$97,Quesos,,Repartidor,http://localhost/meatindeed/wp-content/uploads/2022/01/10538.jpg,,,,,,,,,0,Peso aprox.,400g,1,0,Calidad,,1,1,Marca,NOCHEBUENA ,1,1,Piezas,1,1,1
,,8206,MANCHEGO REBANADO 800G ,1,1,visible,MANCHEGO REBANADO La Villita,"Manchego Rebanado La Villita es el queso ideal para complementar tus sandwiches y lasa–a. Est‡ enriquecido con citamina A, D y E que ayuda a tener un mejor aspecto de la piel. Queso con poca grasa ya que est‡ hecho con leche descremada. Producto de alta funcionalidad, vers‡til y que permite reducci—n de costos.",,,none,tasa-cero,1,,,0,0,,,,,0,,,$172,Quesos,,Repartidor,http://localhost/meatindeed/wp-content/uploads/2022/01/8206.jpg,,,,,,,,,0,Peso aprox.,800 g,1,0,Calidad,,1,1,Marca,LA VILLITA ,1,1,Piezas,1,1,1
,,8077,QUESO GOUDA REBANADO,1,1,visible,QUESO GOUDA REBANADO La Villita,"El Queso Gouda Rebanado La Villita es ideal para fundir y gratinar. m‡s sabor en cada bocado. Para prepara platillos especiales y botanas envidiables. Producto de buena calidad y rendimiento, con sabor superior.",,,none,tasa-cero,1,,,0,0,,,,,0,,,$368,Quesos,,Repartidor,http://localhost/meatindeed/wp-content/uploads/2022/01/8077.jpg,,,,,,,,,0,Peso aprox.,1.944 Kg,1,0,Calidad,,1,1,Marca,LA VILLITA ,1,1,Piezas,1,1,1
,,70011333,RIB EYE ROLL 11OZ CAB,1,1,visible,RIBEYE Roll calidad High Choice.\nMarca: Certified Angus Beef\nPeso Aproximado 310 g.\n3 piezas por pedido,"El Ribeye Roll 11 Oz Certified Angus Beef consiste en la pieza b‡sica deshuesada y porcionada del Rib eye lip on conformada por el mœsculo longisimus dorsi (ojo del rib eye). Al ser Calidad Certified Angus Beef, este producto se distingue por ser un corte fino con gran sabor, calidad y jugosidad gracias a la grasa intramuscular que contiene y al conjunto de mœsculos que lo conforman.Ê",,,none,tasa-cero,1,,,0,0,,,,,0,,,"$1,069",Carne de Res,,Repartidor,"http://localhost/meatindeed/wp-content/uploads/2022/01/70011333.jpg, http://localhost/meatindeed/wp-content/uploads/2022/01/70011333-2.jpg",,,,,,,,,0,Peso aprox.,310kg,1,0,Calidad,HIGH CHOICE ,1,1,Marca,CERTIFIED ANGUS BEEF ,1,1,Piezas,3,1,1