ID,Tipo,SKU,Nombre,Publicado,¿Está destacado?,Visibilidad en el catálogo,Descripción corta,Descripción,Día en que empieza el precio rebajado,Día en que termina el precio rebajado,Estado del impuesto,Clase de impuesto,¿En inventario?,Inventario,Cantidad de bajo inventario,¿Permitir reservas de productos agotados?,¿Vendido individualmente?,Peso (kg),Longitud (cm),Anchura (cm),Altura (cm),¿Permitir valoraciones de clientes?,Nota de compra,Precio rebajado,Precio normal,Categorías,Etiquetas,Clase de envío,Imágenes,Límite de descargas,Días de caducidad de la descarga,Superior,Productos agrupados,Ventas dirigidas,Ventas cruzadas,URL externa,Texto del botón,Posición,Nombre del atributo 1,Valor(es) del atributo 1,Atributo visible 1,Atributo global 1,Nombre del atributo 2,Valor(es) del atributo 2,Atributo visible 2,Atributo global 2,Nombre del atributo 3,Valor(es) del atributo 3,Atributo visible 3,Atributo global 3,Nombre del atributo 4,Valor(es) del atributo 4,Atributo visible 4,Atributo global 4
130,simple,70010339,COWBOY 1.2 KG VGR BLACK,1,0,visible,COWBOY calidad Choice marca Vigar.\nPeso Aproximado 1.2 kg.\n1 pieza,"El Cowboy de 1.2 Kg de Vigar Black, calidad Choise, son porciones grandes extraídas a partir del costillar. El hueso de la costilla es recortado de la carne intercostal de forma que quede expuesto desde el borde ventral del longissimus dorsi hasta el extremo de la costilla. Ideal para conocedores de carne de alta calidad que pueden obtener el máximo sabor de la pieza en el asador. Excelente por su tama_o para difrutarlo en compa_ía.",,,none,tasa-cero,1,,,0,0,,,,,0,,,$763,Carne de Res,"Certified Angus Beef, High Choice",Repartidor,http://localhost/meatindeed/wp-content/uploads/70010339.jpg,,,,,,,,,0,Peso aprox.,1.2 Kg,1,0,Calidad,CHOICE,1,1,Marca,VIGAR,1,1,Piezas,1,1,1
,,70011363,RIBEYE 500 G VGR BLACK,1,0,visible,RIBEYE calidad Choice marca Vigar.\nPeso Aproximado 500 g.\n1 pieza,"El Ribeye de 500 gm consiste en una carne de porciones individuales de 1/2"" extraídas a partir del corte del Beef Rib. La pieza se distingue por ser uno de los cortes finos con buena suavidad, sabor y jugosidad gracias al conjunto de músculos que lo conforman. Marca Vigar Black, calidad Choise. Es una variedad que puede satisfacer a los clientes más exigentes.",,,none,tasa-cero,1,,,0,0,,,,,0,,,$788,Carne de Res,,,"http://localhost/meatindeed/wp-content/uploads/70011363.jpg, http://localhost/meatindeed/wp-content/uploads/70011363-2.jpg",,,,,,,,,,Peso aprox.,500 g,1,0,Calidad,CHOICE,1,1,Marca,VIGAR,1,1,Piezas,1,1,1
,,70011367,RIBEYE 800 G VGR BLACK,1,0,visible,RIBEYE calidad Choice marca Vigar.\nPeso Aproximado 800 g.\n1 pieza,"El Ribeye de 800 gm es un corte en porción grande y tiene un balance extraordinario de suavidad, sabor y jugosidad ya que es de marca Vigar Black y calidad Choise. Por el grosor, calidad y tipo de corte, es ideal para asadores y disfrutar en compañía. La grasa externa es mínima, lo que destaca es el marmoleado con el que se obtiene un sabor inigualable.",,,none,tasa-cero,1,,,0,0,,,,,0,,,$788,Carne de Res,,,"http://localhost/meatindeed/wp-content/uploads/70011367.jpg, http://localhost/meatindeed/wp-content/uploads/70011367-2.jpg",,,,,,,,,,Peso aprox.,800 g,1,0,Calidad,CHOICE,1,1,Marca,VIGAR,1,1,Piezas,1,1,1
,,70017368,PORTERHOUSE 1 KG VGR BLACK,1,0,visible,PORTERHOUSE calidad Choice marca Vigar.\nPeso Aproximado 1 Kg.\n1 pieza,"El Porterhouse de 1 Kg. es un corte espectacular, extríado de la porción del lomo corto anterior al gluteus medius. Compuesto principalmente por los músculos longissimus dorsi y el psoas major._ Marca Vigar Black, calidad Choise, que le ofrece el sabor inigualable de la carne que está cerca del hueso.",,,none,tasa-cero,1,,,0,0,,,,,0,,,$742,Carne de Res,,,"http://localhost/meatindeed/wp-content/uploads/70010338.jpg, http://localhost/meatindeed/wp-content/uploads/70010338-2.jpg",,,,,,,,,,Peso aprox.,1Kg,1,0,Calidad,CHOICE,1,1,Marca,VIGAR,1,1,Piezas,1,1,1
,,70017370,PORTERHOUSE 1.5 KG VGR BLACK,1,0,visible,PORTERHOUSE calidad Choice marca Vigar.\nPeso Aproximado 1.5 Kg.\n1 pieza,"El Porterhouse de 1.5 Kg.  es un corte grande que por tener hueso ofrece un sabor especial, característico de las carnes cercanas a los husos y que además visualmente es llamativo y resulta apetitoso. Es de marca Vigar Black y claidad Choise, lo que garantiza sabor y textura para preparar en asador y disfrutar con conocedores.",,,none,tasa-cero,1,,,0,0,,,,,0,,,$742,Carne de Res,,,"http://localhost/meatindeed/wp-content/uploads/70017370.jpg, http://localhost/meatindeed/wp-content/uploads/70017370-2.jpg",,,,,,,,,,Peso aprox.,1.5Kg,1,0,Calidad,CHOICE,1,1,Marca,VIGAR,1,1,Piezas,1,1,1
,,70010304,COWBOY 18 OZ CAB,1,0,visible,COWBOY calidad High Choice marca Certified Angus Beef.\nPeso Aproximado por pieza 500 g.\n2 piezas por pedido.,"El Cowboy de 500 gm aproximadamente, marca Certified Angus Beef, calidad High Choise, consiste en porciones individuales extraÍdas del costillar de la res. El hueso es largo y da una extraordinaria apariencia además del delicioso sabor que da a la carne. Estas piezas tienen una calidad que garantiza un gran marmoleado, textura y sabor, cada una pesa aproximadamente  510 gm.",,,none,tasa-cero,1,,,0,0,,,,,0,,,$840,Carne de Res,,,"http://localhost/meatindeed/wp-content/uploads/70010304.jpg, http://localhost/meatindeed/wp-content/uploads/70010304-2.jpg, http://localhost/meatindeed/wp-content/uploads/70010304-3.jpg",,,,,,,,,,Peso aprox.,500 Kg,1,0,Calidad, HIGH CHOICE ,1,1,Marca, CERTIFIED ANGUS BEEF ,1,1,Piezas,2,1,1
,,70019307,FLAP MEAT 400 GRS CAB,1,0,visible,FLAP MEAT calidad High Choice marca Certified Angus Beef.\nPeso Aproximado por pieza 400 g.\n2 piezas por pedido.,"El Flap Meat de 400 gm marca Certified Angus Beef y de calidad High Choise, es una maravillosa pieza extraÍda de la parte baja que cubre el estómago de la res y de los costados. Es un corte fino de gran sabor, calidad y jugosidad gracias a la grasa intermuscular, o marmoleo que tiene. La carne tiene una textura, marmoleo y apariencia que se lucirá no sólo en el asador, sino en el plato servido.",,,none,tasa-cero,1,,,0,0,,,,,0,,,$704,Carne de Res,,,"http://localhost/meatindeed/wp-content/uploads/70019307.jpg, http://localhost/meatindeed/wp-content/uploads/70019307-2.jpg",,,,,,,,,,Peso aprox.,400 kg,1,0,Calidad, HIGH CHOICE ,1,1,Marca, CERTIFIED ANGUS BEEF ,1,1,Piezas,2,1,1
,,70017909,NEW YORK 12 OZ EE CAB           ,1,0,visible,NEWYORK calidad High Choice marca Certified Angus Beef.\nPeso Aproximado por pieza 340 g.\n3 piezas por pedido.,"El corte New York de 340 gm aprox, de la marca Certified Angus Beef, calidad High Choise, es uno de los cortes más equilibrados en cuanto al marmoleo, jugosidad y sabor. Es una excelente opción para asar.",,,none,tasa-cero,1,,,0,0,,,,,0,,,$681,Carne de Res,,,"http://localhost/meatindeed/wp-content/uploads/70017909.jpg, http://localhost/meatindeed/wp-content/uploads/70017909-2.jpg",,,,,,,,,,Peso aprox., 1kg ,1,0,Calidad, HIGH CHOICE ,1,1,Marca, CERTIFIED ANGUS BEEF ,1,1,Piezas,3,1,1
,,70017920,NEW YORK 14 OZ EE CAB          ,1,0,visible,NEWYORK calidad High Choice marca Certified Angus Beef.\nPeso Aproximado por pieza 395 g.\n2 piezas por pedido.,"El corte New York de 400 gm aproximadamente, de la marca Certified Angus Beef, calidad High Choise, es uno de los cortes más equilibrados en cuanto al marmoleo, jugosidad y sabor. Es una excelente opción para asar.",,,none,tasa-cero,1,,,0,0,,,,,0,,,$683,Carne de Res,,,"http://localhost/meatindeed/wp-content/uploads/70017920.jpg, http://localhost/meatindeed/wp-content/uploads/70017920-2.jpg",,,,,,,,,,Peso aprox.,1kg,1,0,Calidad, HIGH CHOICE ,1,1,Marca, CERTIFIED ANGUS BEEF ,1,1,Piezas,2,1,1
,,70017310,PORTERHOUSE 16 OZ CAB           ,1,0,visible,PORTERHOUSE calidad High Choice marca Certified Angus Beef.\nPeso Aproximado por pieza 455  g.\n2 piezas por pedido.,"El corte Porterhouse, marca Certified Angus Beef, calidad Choise, de 16 oz,  viene del final del Short Loin que es mas largo y el cual tiene una porción mayor de tenderloin, cortado de la misma manera que el T-Bone, la diferencia es el tamaño del corte transversal de los músculos, ya que estos son mas anchos en esa parte de la res. Este tipo de piezas cuentan con el excelente sabor de la carne cercana al hueso además de su alta calidad.",,,none,tasa-cero,1,,,0,0,,,,,0,,,$753,Carne de Res,,,"http://localhost/meatindeed/wp-content/uploads/70017310.jpg, http://localhost/meatindeed/wp-content/uploads/70017310-2.jpg, http://localhost/meatindeed/wp-content/uploads/70017310-3.jpg",,,,,,,,,,Peso aprox., 454 g ,1,0,Calidad, HIGH CHOICE ,1,1,Marca, CERTIFIED ANGUS BEEF ,1,1,Piezas,2,1,1
,,70017326,PORTERHOUSE 35 OZ CAB          ,1,0,visible,PORTERHOUSE calidad High Choice marca Certified Angus Beef.\nPeso Aproximado por pieza 1 Kg.\n1 pieza.,"El corte Porterhouse, marca Certified Angus Beef, calidad Choise, de 35 oz,  viene del final del Short Loin que es mas largo y el cual tiene una porción mayor de tenderloin, cortado de la misma manera que el T-Bone, la diferencia es el tamaño del corte transversal de los músculos, ya que estos son mas anchos en esa parte de la res. Este tipo de piezas cuentan con el excelente sabor de la carne cercana al hueso además de su alta calidad.",,,none,tasa-cero,1,,,0,0,,,,,0,,,$911,Carne de Res,,,"http://localhost/meatindeed/wp-content/uploads/70017326.jpg, http://localhost/meatindeed/wp-content/uploads/70017326-2.jpg, http://localhost/meatindeed/wp-content/uploads/70017326-3.jpg",,,,,,,,,,Peso aprox.,1 Kg,1,0,Calidad, HIGH CHOICE ,1,1,Marca, CERTIFIED ANGUS BEEF ,1,1,Piezas,1,1,1
,,70011265,RIBEYE LIPON  14 OZ CAB         ,1,0,visible,RIBEYE LIP ON calidad High Choice marca Certified Angus Beef.\nPeso Aproximado por pieza 397 g.\n2 pieza por pedido.,"El Ribeye Lip On de 400 gm aprox. marca Certified Angus Beef, calidad High Choise, es una de las piezas más buscadas por los conocedores ya que es extraÍda del músculo longisimus dorsi (ojo del rib eye) y tiene una combinación perfecta entre sabor, textura y jugosidad. No tiene hueso, es sólo la carne marmoleada de manera perfecta para que se puedan extraer los mejores sabores de cada pieza. Es una carne con la que asegura dar gusto a cualquier persona que disfrute de la carne de alta calidad.",,,none,tasa-cero,1,,,0,0,,,,,0,,,"$1,262",Carne de Res,,,"http://localhost/meatindeed/wp-content/uploads/70011265.jpg, http://localhost/meatindeed/wp-content/uploads/70011265-2.jpg, http://localhost/meatindeed/wp-content/uploads/70011265-3.jpg",,,,,,,,,,Peso aprox.,397 g,1,0,Calidad, HIGH CHOICE ,1,1,Marca, CERTIFIED ANGUS BEEF ,1,1,Piezas,2,1,1
,,70011236,RIBEYE LIPON 10 OZ CAB    ,1,0,visible,RIBEYE LIP ON calidad High Choice marca Certified Angus Beef.\nPeso Aproximado por pieza 283 g.\n4 pieza por pedido.,"El Ribeye Lip On de 283 gm aprox. marca Certified Angus Beef, calidad High Choise, es una de las piezas más buscadas por los conocedores ya que es extraÍda del músculo longisimus dorsi (ojo del rib eye) y tiene una combinación perfecta entre sabor, textura y jugosidad. No tiene hueso, es sólo la carne marmoleada de manera perfecta para que se puedan extraer los mejores sabores de cada pieza. Es una carne con la que asegura dar gusto a cualquier persona que disfrute de la carne de alta calidad.",,,none,tasa-cero,1,,,0,0,,,,,0,,,$958,Carne de Res,,,"http://localhost/meatindeed/wp-content/uploads/70011236.jpg, http://localhost/meatindeed/wp-content/uploads/70011236-2.jpg, http://localhost/meatindeed/wp-content/uploads/70011236-3.jpg",,,,,,,,,,Peso aprox.,283 g,1,0,Calidad, HIGH CHOICE ,1,1,Marca, CERTIFIED ANGUS BEEF ,1,1,Piezas,4,1,1
,,70011249,RIBEYE LIPON 12 OZ CAB       ,1,0,visible,RIBEYE LIP ON calidad High Choice marca Certified Angus Beef.\nPeso Aproximado por pieza 340 g.\n3 pieza por pedido.,"El Ribeye Lip On de 340 gm aproximadamente, marca Certified Angus Beef, calidad High Choise, es una de las piezas más buscadas por los conocedores ya que es extraÍda del músculo longisimus dorsi (ojo del rib eye) y tiene una combinación perfecta entre sabor, textura y jugosidad. No tiene hueso, es sólo la carne marmoleada de manera perfecta para que se puedan extraer los mejores sabores de cada pieza. Es una carne con la que asegura dar gusto a cualquier persona que disfrute de la carne de alta calidad.",,,none,tasa-cero,1,,,0,0,,,,,0,,,$940,Carne de Res,,,"http://localhost/meatindeed/wp-content/uploads/70011249.jpg, http://localhost/meatindeed/wp-content/uploads/70011249-2.jpg, http://localhost/meatindeed/wp-content/uploads/70011249-3.jpg",,,,,,,,,,Peso aprox.,340 g ,1,0,Calidad, HIGH CHOICE ,1,1,Marca, CERTIFIED ANGUS BEEF ,1,1,Piezas,3,1,1
,,70011279,RIBEYE LIPON 16 OZ CAB         ,1,0,visible,RIBEYE LIPON calidad High Choice.\nMarca: Certified Angus Beef\nPeso Aproximado 455 g.\n2 piezas por pedido,"El Ribeye Lip On de 450 gm aprox. marca Certified Angus Beef, calidad High Choise, es una de las piezas más buscadas por los conocedores ya que es extraÍda del músculo longisimus dorsi (ojo del rib eye) y tiene una combinación perfecta entre sabor, textura y jugosidad. No tiene hueso, es sólo la carne marmoleada de manera perfecta para que se puedan extraer los mejores sabores de cada pieza. Es una carne con la que asegura dar gusto a cualquier persona que disfrute de la carne de alta calidad.",,,none,tasa-cero,1,,,0,0,,,,,0,,,$970,Carne de Res,,,"http://localhost/meatindeed/wp-content/uploads/70011279.jpg, http://localhost/meatindeed/wp-content/uploads/70011279-3.jpg",,,,,,,,,,Peso aprox.,454 g,1,0,Calidad, HIGH CHOICE ,1,1,Marca, CERTIFIED ANGUS BEEF ,1,1,Piezas,2,1,1
,,70011295,RIBEYE ROLL 25 OZ CAB         ,1,0,visible,RIBEYE ROLL calidad High Choice.\nMarca: Certified Angus Beef\nPeso Aproximado 707 g.\n1 pieza,"El Ribeye Roll de 700 gm aproximadamente, marca Certified Angus Beef, calidad High Choise, es una de las piezas más buscadas por los conocedores ya que es extraÍda del músculo longisimus dorsi (ojo del rib eye) y tiene una combinación perfecta entre sabor, textura y jugosidad. No tiene hueso, es sólo la carne marmoleada de manera perfecta para que se puedan extraer los mejores sabores de cada pieza. Es una carne con la que asegura dar gusto a cualquier persona que disfrute de la carne de alta calidad.",,,none,tasa-cero,1,,,0,0,,,,,0,,,"$1,109",Carne de Res,,,"http://localhost/meatindeed/wp-content/uploads/70011295.jpg, http://localhost/meatindeed/wp-content/uploads/70011295-2.jpg, http://localhost/meatindeed/wp-content/uploads/70011295-3.jpg",,,,,,,,,,Peso aprox.,707g,1,0,Calidad, HIGH CHOICE ,1,1,Marca, CERTIFIED ANGUS BEEF ,1,1,Piezas,1,1,1
,,70012313,SHORT RIB 14 OZ CAB         ,1,0,visible,SHORT RIB calidad High Choice.\nMarca: Certified Angus Beef\nPeso Aproximado 790 g.\n1 pieza,"El Short Rib , marca Certified Angus Beef, calidad High Choise, es ideal para parrillar, estofar o asar, dependiendo el platillo y textura que se desee obtener. Los huesos de estas costillas son pràcticamente planos y estàn cubiertos con 1-2"" de carne en la parte superior. Este tipo de costillas son una gran elecciÑn cuando se desea un sabor exquisito. La pieza tiene 790 gm aproximadamente.",,,none,tasa-cero,1,,,0,0,,,,,0,,,$683,Carne de Res,,,"http://localhost/meatindeed/wp-content/uploads/70012313.jpg, http://localhost/meatindeed/wp-content/uploads/70012313-2.jpg",,,,,,,,,,Peso aprox.,790 g,1,0,Calidad, HIGH CHOICE ,1,1,Marca, CERTIFIED ANGUS BEEF ,1,1,Piezas,1,1,1
,,70012309,SHORT RIB 25 OZ CAB,1,0,visible,SHORT RIB calidad High Choice.\nMarca: Certified Angus Beef\nPeso Aproximado 707 g.\n1 pieza,"El Short Rib , marca Certified Angus Beef, calidad High Choise, es ideal para parrillar, estofar o asar, dependiendo el platillo y textura que se desee obtener. Los huesos de estas costillas son pràcticamente planos y estàn cubiertos con 1-2"" de carne en la parte superior. Este tipo de costillas son una gran elecciÑn cuando se desea un sabor exquisito. La pieza tiene un peso aproximado de 700 gramos.",,,none,tasa-cero,1,,,0,0,,,,,0,,,$628,Carne de Res,,,"http://localhost/meatindeed/wp-content/uploads/70012309.jpg, http://localhost/meatindeed/wp-content/uploads/70012309-2.jpg",,,,,,,,,,Peso aprox.,707 g,1,0,Calidad, HIGH CHOICE ,1,1,Marca, CERTIFIED ANGUS BEEF ,1,1,Piezas,1,1,1
,,70017331,T-BONE 12 OZ CAB ,1,0,visible,SHORT RIB calidad High Choice.\nMarca: Certified Angus Beef\nPeso Aproximado 340g.\n3 piezas por pedido,"El T-Bone de 340 gm aproximadamente, marca Certified Angus Beef, calidad High Choise, es una pieza perfecta para asar en la parrilla ya que le gusta a la mayoría d elas personas. Este corte es tan popular por su gran sabor y textura.",,,none,tasa-cero,1,,,0,0,,,,,0,,,$651,Carne de Res,,,"http://localhost/meatindeed/wp-content/uploads/70017331.jpg, http://localhost/meatindeed/wp-content/uploads/70017331-2.jpg, http://localhost/meatindeed/wp-content/uploads/70017331-3.jpg",,,,,,,,,,Peso aprox.,340 g,1,0,Calidad, HIGH CHOICE ,1,1,Marca, CERTIFIED ANGUS BEEF ,1,1,Piezas,3,1,1
,,70010324,TOMAHAWK 35 OZ CAB            ,1,0,visible,TOMAHAWK calidad High Choice.\nMarca: Certified Angus Beef\nPeso Aproximado 900g.\n1 pieza,"El Tomahawk marca Certified Angus Beef, calidad High Choise, de 900 gm aprox,  consiste en un grueso filete con hueso de la costillas anteriores y mucha grasa intramuscular. Estas caracterÕsticas le dan un gran sabor y jugosidad excepcional, y ni qu_ decir de la apariencia, es inigualable. En una pieza tan vistosa, es importante que la calidad sea alta para completar la experiencia en la parrilla.",,,none,tasa-cero,1,,,0,0,,,,,0,,,"$1,068",Carne de Res,,,"http://localhost/meatindeed/wp-content/uploads/70010324.jpg, http://localhost/meatindeed/wp-content/uploads/70010324-2.jpg, http://localhost/meatindeed/wp-content/uploads/70010324-3.jpg",,,,,,,,,,Peso aprox.,900 g,1,0,Calidad, HIGH CHOICE ,1,1,Marca, CERTIFIED ANGUS BEEF ,1,1,Piezas,1,1,1
,,70001200,BRISKET CAB 8kg,1,0,visible,BRISKET calidad High Choice.\nMarca: Certified Angus Beef\nPeso Aproximado 8 kg.\n1 pieza,"El Brisket marca Certified Angus Beef, calidad High Choise, es un corte de carne del pecho de res. Es perfecto para caldos, deshebrar o hacer machaca. Existen gran variedad de resetas  para hacer con est etipo de corte. La pieza es de 8 kg aproximadamente.",,,none,tasa-cero,1,,,0,0,,,,,0,,,"$2,452",Carne de Res,,,"http://localhost/meatindeed/wp-content/uploads/70001200.jpg, http://localhost/meatindeed/wp-content/uploads/70001200-2.jpg",,,,,,,,,,Peso aprox.,8 Kg,1,0,Calidad, HIGH CHOICE ,1,1,Marca, CERTIFIED ANGUS BEEF ,1,1,Piezas,1,1,1
,,70018161,COULOTTE PICAÑA CAB 6kg,1,0,visible,PICAÑA calidad High Choice.\nMarca: Certified Angus Beef\nPeso Aproximado 6 kg.\n1 pieza,"La Picaña marca Certified Angus Beef, calidad High Choise es es un corte típicamente brasileño y tiene forma triangular. Está cubierto por una capa de grasa blanca que le confiere un extraordinario y característico sabor. La pieza es de aproximadamente 6 kilos y de esta manera es ideal para preparar en asador y compartir con conocedores de este corte tan especial.",,,none,tasa-cero,1,,,0,0,,,,,0,,,"$2,521",Carne de Res,,,"http://localhost/meatindeed/wp-content/uploads/70018161.jpg, http://localhost/meatindeed/wp-content/uploads/70018161-2.jpg",,,,,,,,,,Peso aprox.,6 Kg,1,0,Calidad, HIGH CHOICE ,1,1,Marca, CERTIFIED ANGUS BEEF ,1,1,Piezas,1,1,1
,,70013001,CHUCK FLAP  S/H CAB,1,0,visible,CHUCK FLAP calidad High Choice.\nMarca: Certified Angus Beef\nPeso Aproximado 3.4 kg.\n1 pieza,"El Chuck Flap marca Certified Angus Beef, calidad High Choise proviene del  hombro de la res y tiene abundante marmoleo. Con este corte se pueden preparar mœltiples y delicios platillos, ya sea cocido a fuego lento, marinado y asado o cortado en cubos para recetas de Korean BBQ. Es un corte fino de gran sabor, jugosidad y textura, la cantidad de opciones para prepararlo es tan grande que se puede saborear con frecuencia y siempre de diferente manera. La pieza es de aproximadamente 3.4 Kg.",,,none,tasa-cero,1,,,0,0,,,,,0,,,"$2,640",Carne de Res,,,"http://localhost/meatindeed/wp-content/uploads/70013001.jpg, http://localhost/meatindeed/wp-content/uploads/70013001-2.jpg",,,,,,,,,,Peso aprox.,3.4 Kg,1,0,Calidad, HIGH CHOICE ,1,1,Marca, CERTIFIED ANGUS BEEF ,1,1,Piezas,1,1,1
,,70018900,FILETE SEMILIMPIO 189A CAB    3 KG,1,0,visible,FILETE SEMILIMPIO calidad High Choice.\nMarca: Certified Angus Beef\nPeso Aproximado 2.5 kg.\n1 pieza,"El Filete Semilimpio de Res marca Certified Angus Beef, calidad High Choise, es la carne perfecta para guisos, tacos o cualquier platillo en el que necesite carne suave y de gran sabor. La apariencia y la textura lo hacen perfecto para lucir en cualquier plato. La pieza es de 2.5 kg aproximadamente, as’ puede porcionar al gusto de cada comensal.",,,none,tasa-cero,1,,,0,0,,,,,0,,,"$2,566",Carne de Res,,,"http://localhost/meatindeed/wp-content/uploads/70018900.jpg, http://localhost/meatindeed/wp-content/uploads/70018900-2.jpg",,,,,,,,,,Peso aprox.,2.5 Kg,1,0,Calidad, HIGH CHOICE ,1,1,Marca, CERTIFIED ANGUS BEEF ,1,1,Piezas,1,1,1
,,70019301,FLAP MEAT CAB ,1,0,visible,FLAP MEAT calidad High Choice.\nMarca: Certified Angus Beef\nPeso Aproximado 8 kg.\n1 pieza,"El Flap Meat o vacío argentino como se le conoce normalmente, marca Certified Angus Beef, calidad High Choise es una carne que tiene bastante marmoleo a ambos lados del corte que lo hace perfecto para platillos sencillos o elaborados. Servirlo sólo o acompañado con chiles y cebolla es garantía de sabor y calidad. La pieza tiene 8 kilos aproximadamente.",,,none,tasa-cero,1,,,0,0,,,,,0,,,"$3,856",Carne de Res,,,"http://localhost/meatindeed/wp-content/uploads/70019301.jpg, http://localhost/meatindeed/wp-content/uploads/70019301-2.jpg",,,,,,,,,,Peso aprox.,8 Kg,1,0,Calidad, HIGH CHOICE ,1,1,Marca, CERTIFIED ANGUS BEEF ,1,1,Piezas,1,1,1
,,70018005,NEW YORK 0X1 CAB  6Kg,1,0,visible,NEW YORK calidad High Choice.\nMarca: Certified Angus Beef\nPeso Aproximado 6 kg.\n1 pieza,"El corte New York asador es uno de los más equilibrados en cuanto a grasa, ya que es una carne de buen marmoleo además de jugosa y de buen sabor. Esto es lo que lo hace una excelente opción para asar. Respaldada por la calidad de los productos Certified Angus Beef (CAB). Calidad: Certified Angus Beef: La mejor calidad ""high choice"" asegurada gracias a Certified Angus Beefëå, una marca creada por la American Angus Association establecida en 1978. Solo 3 de cada 10 angus califican para ser Certified Angus Beef, para ello deben pasar 10 estándares de calidad divididos en categorías como marmoleo, madurez, tamaño consistente, apariencia y terneza.",,,none,tasa-cero,1,,,0,0,,,,,0,,,"$3,404",Carne de Res,,,"http://localhost/meatindeed/wp-content/uploads/70018005.jpg, http://localhost/meatindeed/wp-content/uploads/70018005-2.jpg",,,,,,,,,,Peso aprox.,6 Kg,1,0,Calidad, HIGH CHOICE ,1,1,Marca, CERTIFIED ANGUS BEEF ,1,1,Piezas,1,1,1
,,70011418,FLAT IRON CAB,1,0,visible,FLAT IRON  calidad High Choice.\nMarca: Certified Angus Beef\nPeso Aproximado 2 kg.\n1 pieza,"El Flat Iron consiste en la pieza porcionada perteneciente a la paleta superior de la espaldilla de res. El Flat Iron es Calidad Certified Angus Beef por lo que se distingue por ser un corte fino con buen marmoleo, sabor, calidad y jugosidad gracias a la grasa intramuscular que contiene y al conjunto de músculos que lo conforman. Calidad: Certified Angus Beef: La mejor calidad ""high choice"" asegurada gracias a Certified Angus Beef, una marca creada por la American Angus Association establecida en 1978 . Solo 3 de cada 10 angus califican para ser Certified Angus Beef, para ello deben pasar 10 estándares de calidad divididos en categorías como marmoleo, madurez, tamaño consistente, apariencia y terneza.",,,none,tasa-cero,1,,,0,0,,,,,0,,,$840,Carne de Res,,,"http://localhost/meatindeed/wp-content/uploads/70011418.jpg, http://localhost/meatindeed/wp-content/uploads/70011418-2.jpg",,,,,,,,,,Peso aprox.,2 Kg,1,0,Calidad, HIGH CHOICE ,1,1,Marca, CERTIFIED ANGUS BEEF ,1,1,Piezas,1,1,1
,,70018163,COULOTTE PICAÑA PERFECT CHOICE,1,0,visible,PICAÑA  calidad USDA Choice.\nMarca: Comnor\nPeso Aproximado 3.75 kg.\n1 pieza,"La Picaña marca ComNor calidad Choise, es carne de vacuno pero lo que la hace diferente es el tipo de corte, típicamente brasileño.  y tiene forma triangular. Está cubierto por una capa de grasa blanca que le confiere un extraordinario y característico sabor. La pieza es de aproximadamente 6 kilos y de esta manera es ideal para preparar en asador y compartir con conocedores de este corte tan especial. Esta pieza pesa 3.75 Kg aproximadamente.",,,none,tasa-cero,1,,,0,0,,,,,0,,,"$1,701",Carne de Res,,,"http://localhost/meatindeed/wp-content/uploads/70018163.jpg, http://localhost/meatindeed/wp-content/uploads/70018163-2.jpg",,,,,,,,,,Peso aprox.,3.75 Kg,1,0,Calidad, USDA CHOISE ,1,1,Marca, COMNOR ,1,1,Piezas,1,1,1
,,70012319,SHORT RIB C/H PERFECT CHOICE,1,0,visible,SHORT RIB  calidad USDA Choice.\nMarca: Comnor\nPeso Aproximado 6.25 kg.\n1 pieza,"El Short Rib , marca ComNor Perfect Choise, es ideal para parrillar, estofar o asar, dependiendo el platillo y textura que se desee obtener. Los huesos de estas costillas son prácticamente planos y estàn cubiertos con 1-2"" de carne en la parte superior. Este tipo de costillas son una gran elecciÑn cuando se desea un sabor exquisito. La pieza tiene un peso aproximado de 6.250 Kg.",,,none,tasa-cero,1,,,0,0,,,,,0,,,"$3,391",Carne de Res,,,"http://localhost/meatindeed/wp-content/uploads/70012319.jpg, http://localhost/meatindeed/wp-content/uploads/70012319-2.jpg",,,,,,,,,,Peso aprox.,6.25 Kg,1,0,Calidad, USDA CHOISE ,1,1,Marca, COMNOR ,1,1,Piezas,1,1,1
,,70010910,FALDA P/DESHEBRAR ,1,0,visible,FALDA para DESHEBRAR  calidad Estandar Nacional.\nMarca: Rancho del Norte\nPeso Aproximado 2 kg.\n1 pieza,"La Falda para Deshebrar marca Rancho d el Norte, calidad Standard nacional, es ideal para preparar un platillo con carne que sea suave y de calidad, es fácil de cocinar porque es ideal para cocer y le da un sabor muy consistente y delicioso a tus platillos. La pieza pesa aproximadamente 2 kilos.",,,none,tasa-cero,1,,,0,0,,,,,0,,,$366,Carne de Res,,,"http://localhost/meatindeed/wp-content/uploads/70010910.jpg, http://localhost/meatindeed/wp-content/uploads/70010910-2.jpg, http://localhost/meatindeed/wp-content/uploads/70010910-3.jpg",,,,,,,,,,Peso aprox.,2 Kg,1,0,Calidad, ESTANDAR NACIONAL ,1,1,Marca, RANCHO DEL NORTE ,1,1,Piezas,1,1,1
,,70010306,COWBOY 18 OZ PREMIUM  ,1,0,visible,COWBOY  calidad Premium.\nMarca: Rancho del Norte\nPeso Aproximado 510 g.\n2 piezas por pedido,"El Cowboy marca Vigar, calidad Choise, consiste en un corte redondo y grueso que se extrae del  costillar de res. El hueso de la costilla es recortado por lo que queda mucho más corto que el de un Tomahawk. Es un  corte grande que permite mantener la jugosidad de la carne y es muy buena opción para asadores ya que se puede lucir  el corte y el marmoleado de la carne. La carne es suave y jugosa, al tener hueso se puede disfrutar del delicioso sabor que ofrece la carne que está cerca del hueso. Al ser calidad Choise puede estar seguro que el marmoleo le brindará un exquisito sabor. Esta pieza es de 500 gm aproximadamente.",,,none,tasa-cero,1,,,0,0,,,,,0,,,$875,Carne de Res,,,"http://localhost/meatindeed/wp-content/uploads/70010306.jpg, http://localhost/meatindeed/wp-content/uploads/70010306-2.jpg",,,,,,,,,,Peso aprox.,510 g,1,0,Calidad,PREMIUM,1,1,Marca, RANCHO DEL NORTE ,1,1,Piezas,2,1,1
,,70017907,NEW YORK 10 OZ PREMIUM         ,1,0,visible,NEWYORK  calidad Premium.\nMarca: Rancho del Norte\nPeso Aproximado 283 g.\n3 piezas por pedido,"El New York de 283 gm aprox, marca Vigar, calidad Choise  es uno de los cortes más equilibrados en cuanto al marmoleo, jugosidad y sabor. Es una excelente opción para asar.",,,none,tasa-cero,1,,,0,0,,,,,0,,,"$1,038",Carne de Res,,,"http://localhost/meatindeed/wp-content/uploads/70017907.jpg, http://localhost/meatindeed/wp-content/uploads/70017907-2.jpg",,,,,,,,,,Peso aprox.,283 g,1,0,Calidad,PREMIUM,1,1,Marca, RANCHO DEL NORTE ,1,1,Piezas,3,1,1
,,70017912,NEW YORK 12 OZ EE PREMIUM,1,0,visible,NEWYORK  calidad Premium.\nMarca: Rancho del Norte\nPeso Aproximado 340 g.\n3 piezas por pedido,"El New York de 340 gm aprox, marca Vigar, calidad Choise  es uno de los cortes más equilibrados en cuanto al marmoleo, jugosidad y sabor. Es una excelente opción para asar.",,,none,tasa-cero,1,,,0,0,,,,,0,,,"$1,046",Carne de Res,,,"http://localhost/meatindeed/wp-content/uploads/70017912.jpg, http://localhost/meatindeed/wp-content/uploads/70017912-2.jpg",,,,,,,,,,Peso aprox.,340 g,1,0,Calidad,PREMIUM,1,1,Marca, RANCHO DEL NORTE ,1,1,Piezas,3,1,1
,,70017922,NEW YORK 14 OZ EE PREMIUM,1,0,visible,NEWYORK  calidad Premium.\nMarca: Rancho del Norte\nPeso Aproximado 397 g.\n2 piezas por pedido,"El New York de 400 gm aprox, marca Vigar, calidad Choise  es uno de los cortes más equilibrados en cuanto al marmoleo, jugosidad y sabor. Es una excelente opción para asar.",,,none,tasa-cero,1,,,0,0,,,,,0,,,$690,Carne de Res,,,"http://localhost/meatindeed/wp-content/uploads/70017922.jpg, http://localhost/meatindeed/wp-content/uploads/70017922-2.jpg",,,,,,,,,,Peso aprox.,397 g,1,0,Calidad,PREMIUM,1,1,Marca, RANCHO DEL NORTE ,1,1,Piezas,2,1,1
,,70011255,RIBEYE LIPON 12 OZ PREMIUM ,1,0,visible,RIBEYE LIPON calidad Premium.\nMarca: Rancho del Norte\nPeso Aproximado 340 g.\n2 piezas por pedido,"El Ribeye Lip On de 340 gm aprox.marca Vigar, calidad Choise, es una de las piezas más buscadas por los conocedores ya que es extraÍda del músculo longisimus dorsi (ojo del rib eye) y tiene una combinación perfecta entre sabor, textura y jugosidad. No tiene hueso, es sólo la carne marmoleada de manera perfecta para que se puedan extraer los mejores sabores de cada pieza. Es una carne con la que asegura dar gusto a cualquier persona que disfrute de la carne de alta calidad.",,,none,tasa-cero,1,,,0,0,,,,,0,,,$410,Carne de Res,,,"http://localhost/meatindeed/wp-content/uploads/70011255.jpg, http://localhost/meatindeed/wp-content/uploads/70011255-2.jpg",,,,,,,,,,Peso aprox.,340 g,1,0,Calidad,PREMIUM,1,1,Marca, RANCHO DEL NORTE ,1,1,Piezas,2,1,1
,,70011243,RIBEYE LIPON 300 GRS PREMIUM,1,0,visible,RIBEYE LIPON calidad Premium.\nMarca: Rancho del Norte\nPeso Aproximado 300 g.\n3 piezas por pedido,"OJO, SOLO HAY 40 GRAMOS DE DIFERENCIA CON EL ANTERIOR???? El Ribeye Lip On de 300 gm aprox.marca Vigar, calidad Choise, es una de las piezas más buscadas por los conocedores ya que es extraÍda del músculo longisimus dorsi (ojo del rib eye) y tiene una combinación perfecta entre sabor, textura y jugosidad. No tiene hueso, es sólo la carne marmoleada de manera perfecta para que se puedan extraer los mejores sabores de cada pieza. Es una carne con la que asegura dar gusto a cualquier persona que disfrute de la carne de alta calidad.",,,none,tasa-cero,1,,,0,0,,,,,0,,,"$1,220",Carne de Res,,,"http://localhost/meatindeed/wp-content/uploads/70011243.jpg, http://localhost/meatindeed/wp-content/uploads/70011243-2.jpg",,,,,,,,,,Peso aprox.,0.300 g,1,0,Calidad,PREMIUM,1,1,Marca, RANCHO DEL NORTE ,1,1,Piezas,3,1,1
,,70017333,T-BONE 12 OZ PREMIUM,1,0,visible,T-BONE calidad Premium.\nMarca: Rancho del Norte\nPeso Aproximado 340 g.\n3 piezas por pedido,"El T-Bone de 340 gm aproximadamente, es una pieza perfecta para asar en la parrilla ya que le gusta a la mayoría de las personas. Este corte es tan popular por su gran sabor y textura. Viene en paquete de 3 piezas.",,,none,tasa-cero,1,,,0,0,,,,,0,,,"$1,109",Carne de Res,,,"http://localhost/meatindeed/wp-content/uploads/70017333.jpg, http://localhost/meatindeed/wp-content/uploads/70017333-2.jpg",,,,,,,,,,Peso aprox.,340 g,1,0,Calidad,PREMIUM,1,1,Marca, RANCHO DEL NORTE ,1,1,Piezas,3,1,1
,,70018125,TOP SIRLOIN 8 OZ CC PREMIUM,1,0,visible,TOP SIRLOIN calidad Premium.\nMarca: Rancho del Norte\nPeso Aproximado 277 g.\n4 piezas por pedido,"El Top Sirloin de 227 gramos aproximadamentees un corte proveniente de la parte baja del lomo de la res. También llamado ""churrasco"" es un corte magro, jugoso y de gran sabor que es ideal para asar. El paquete cuenta con 4 piezas.",,,none,tasa-cero,1,,,0,0,,,,,0,,,"$1,246",Carne de Res,,,"http://localhost/meatindeed/wp-content/uploads/70018125.jpg, http://localhost/meatindeed/wp-content/uploads/70018125-2.jpg",,,,,,,,,,Peso aprox., 227 g,1,0,Calidad,PREMIUM,1,1,Marca, RANCHO DEL NORTE ,1,1,Piezas,4,1,1
,,70013516,CUBOS DE RES 120 GR S,1,0,visible,CUBOS DE RES\nMarca: Comnor\nPeso Aproximado 3 kg.\n1 pieza,"Los Cubos de Res vienen en paquete de 3 kilos aprox y son versátiles para preparar cualquier platillo, pueden usarse como la parte centralde cualquier guiso o como complemento, para brochetas o hasta para asar. Sabor delicioso para cualquier platillo.",,,none,tasa-cero,1,,,0,0,,,,,0,,,$801,Carne de Res,,,"http://localhost/meatindeed/wp-content/uploads/70013516.jpg, http://localhost/meatindeed/wp-content/uploads/70013516-2.jpg",,,,,,,,,,Peso aprox.,3 Kg,1,0,Calidad,,1,1,Marca, COMNOR ,1,1,Piezas,1,1,1
,,70011253,RIBEYE 12 OZ NACIONAL,1,0,visible,RIBEYE calidad Estandar nacional.\nMarca: Rancho del Norte\nPeso Aproximado 340 g.\n3 piezas por pedido,"El Ribeye de 340 gramos, marca Rancho Norte, es una de las piezas más buscadas por los conocedores ya que es extraÍda del músculo longisimus dorsi (ojo del rib eye) y tiene una combinación perfecta entre sabor, textura y jugosidad. No tiene hueso, es sólo la carne marmoleada de manera perfecta para que se puedan extraer los mejores sabores de cada pieza. Es una carne con la que asegura dar gusto a cualquier persona.Esta marca ofrece una muy buena calidad en relaci—n al precio. En el paquete vienen 3 piezas.",,,none,tasa-cero,1,,,0,0,,,,,0,,,"$1,186",Carne de Res,,,"http://localhost/meatindeed/wp-content/uploads/70011253.jpg, http://localhost/meatindeed/wp-content/uploads/70011253-2.jpg, http://localhost/meatindeed/wp-content/uploads/70011253-3.jpg",,,,,,,,,,Peso aprox.,340 g,1,0,Calidad,,1,1,Marca, RANCHO DEL NORTE ,1,1,Piezas,3,1,1
,,70012303,CHUCK SHORT RIB NACIONAL,1,0,visible,CHUCK SHORT RIB calidad Estandar nacional.\nMarca: Rancho del Norte\nPeso Aproximado 3.13 Kg.\n1 pieza,"El Short Rib , marca Rancho Norte, es ideal para parrillar, estofar o asar, dependiendo el platillo y textura que se desee obtener. Los huesos de estas costillas son pràcticamente planos y estàn cubiertos con 1-2"" de carne en la parte superior. Este tipo de costillas son una gran elecciÑn cuando se desea un sabor exquisito. La pieza tiene un peso aproximado de 3.130 Kg. Esta marca ofrece una muy buena calidad en relaci—n al precio.",,,none,tasa-cero,1,,,0,0,,,,,0,,,$293,Carne de Res,,,"http://localhost/meatindeed/wp-content/uploads/70012303.jpg, http://localhost/meatindeed/wp-content/uploads/70012303-2.jpg",,,,,,,,,,Peso aprox.,3.13 Kg,1,0,Calidad,,1,1,Marca, RANCHO DEL NORTE ,1,1,Piezas,1,1,1
,,70018139,TOP SIRLOIN 12 OZ EE NACIONAL,1,0,visible,TOP SIRLOIN calidad Estandar nacional.\nMarca: Rancho del Norte\nPeso Aproximado 340 g.\n2 piezas por pedido,"El Top Sirloin de 340 gramos aproximadamentees y marca Rancho Norte, es un corte proveniente de la parte baja del lomo de la res. También llamado ""churrasco"" es un corte magro, jugoso y de gran sabor que es ideal para asar. El paquete cuenta con 2 piezas. Esta marca ofrece una muy buena calidad en relaci—n al precio.",,,none,tasa-cero,1,,,0,0,,,,,0,,,$267,Carne de Res,,,"http://localhost/meatindeed/wp-content/uploads/70018139.jpg, http://localhost/meatindeed/wp-content/uploads/70018139-2.jpg",,,,,,,,,,Peso aprox.,340 g,1,0,Calidad,,1,1,Marca, RANCHO DEL NORTE ,1,1,Piezas,2,1,1
,,70012204,ARRACHERA MARINADA 8 OZ CAB,1,0,visible,ARRACHERA MARINADA calidad High Choice.\nMarca: Certified Angus Beef\nPeso Aproximado 230 g.\n4 piezas por pedido,"La Arrachera Marinada marca  Certified Angus Beef, calidad High Choice, consiste en piezas individuales obtenidas  del músculo interno transversus abdominis (Inside skirt) por lo que es una corte fino muy suave y de gran sabor. Cada paquete pesa 230 gm aprox.",,,none,tasa-cero,1,,,0,0,,,,,0,,,$667,Carne de Res,,,"http://localhost/meatindeed/wp-content/uploads/70012204.jpg, http://localhost/meatindeed/wp-content/uploads/70012204-2.jpg",,,,,,,,,,Peso aprox.,230 g,1,0,Calidad,,1,1,Marca, CERTIFIED ANGUS BEEF ,1,1,Piezas,4,1,1
,,70012211,ARRACHERA MARINADA 12 OZ CAB,1,0,visible,ARRACHERA MARINADA calidad High Choice.\nMarca: Certified Angus Beef\nPeso Aproximado 240 g.\n3 piezas por pedido,"La Arrachera Marinada marca  Certified Angus Beef, calidad High Choice, consiste en piezas individuales obtenidas  del músculo interno transversus abdominis (Inside skirt) por lo que es una corte fino muy suave y de gran sabor. Cada paquete pesa 340 gm aprox.",,,none,tasa-cero,1,,,0,0,,,,,0,,,$664,Carne de Res,,,"http://localhost/meatindeed/wp-content/uploads/70012211.jpg, http://localhost/meatindeed/wp-content/uploads/70012211-2.jpg",,,,,,,,,,Peso aprox.,340 g,1,0,Calidad,,1,1,Marca, CERTIFIED ANGUS BEEF ,1,1,Piezas,3,1,1
,,70012227,ARRACHERA MARINADA CAB ,1,0,visible,ARRACHERA MARINADA calidad High Choice.\nMarca: Certified Angus Beef\nPeso Aproximado 1.5 k g.\n1 pieza,"La Arrachera Marinada marca  Certified Angus Beef, calidad High Choice, consiste en piezas individuales obtenidas  del músculo interno transversus abdominis (Inside skirt) por lo que es una corte fino muy suave y de gran sabor. Cada paquete pesa 1.5 kg aprox.",,,none,tasa-cero,1,,,0,0,,,,,0,,,$816,Carne de Res,,,"http://localhost/meatindeed/wp-content/uploads/70012227.jpg, http://localhost/meatindeed/wp-content/uploads/70012227-2.jpg",,,,,,,,,,Peso aprox.,1.5 Kg,1,0,Calidad,,1,1,Marca, CERTIFIED ANGUS BEEF ,1,1,Piezas,1,1,1
,,70012223,ARRACHERA MARINADA CAB MEX  1.8 KG (Sabor más intenso),1,0,visible,ARRACHERA MARINADA calidad High Choice.\nMarca: Certified Angus Beef\nPeso Aproximado 1.5 k g.\n1 pieza,"La Arrachera Marinada marca  Certified Angus Beef, calidad High Choice, consiste en piezas individuales obtenidas  del músculo interno transversus abdominis (Inside skirt) por lo que es una corte fino muy suave y de gran sabor. Cada paquete pesa 1.5 kg aprox.",,,none,tasa-cero,1,,,0,0,,,,,0,,,$797,Carne de Res,,,"http://localhost/meatindeed/wp-content/uploads/70012223.jpg, http://localhost/meatindeed/wp-content/uploads/70012223-2.jpg",,,,,,,,,,Peso aprox.,1.5 Kg,1,0,Calidad,,1,1,Marca, CERTIFIED ANGUS BEEF ,1,1,Piezas,1,1,1
,,70012225,ARRACHERA NATURAL LIGHT CAB    1.8 KG,1,0,visible,ARRACHERA MARINADA calidad High Choice.\nMarca: Certified Angus Beef\nPeso Aproximado 3k g.\n1 pieza,"La Arrachera Marinada marca  Certified Angus Beef, calidad High Choice, consiste en piezas individuales obtenidas  del músculo interno transversus abdominis (Inside skirt) por lo que es una corte fino muy suave y de gran sabor. Cada paquete pesa 3 kg aprox.",,,none,tasa-cero,1,,,0,0,,,,,0,,,$556,Carne de Res,,,"http://localhost/meatindeed/wp-content/uploads/70012225.jpg, http://localhost/meatindeed/wp-content/uploads/70012225-2.jpg",,,,,,,,,,Peso aprox.,3 Kg,1,0,Calidad,,1,1,Marca, CERTIFIED ANGUS BEEF ,1,1,Piezas,1,1,1
,,70012228,ARRACHERA MARINADA PERFECT CHOICE ,1,0,visible,ARRACHERA MARINADA calidad Choice.\nMarca: Comnor\nPeso Aproximado 4.5 k g.\n1 pieza,"La Arrachera Marinada marca  ComNor Choice, calidad Choice, consiste en piezas individuales obtenidas  del músculo interno transversus abdominis (Inside skirt) por lo que es una corte fino muy suave y de gran sabor. Cada paquete pesa 1.5 kg aprox.",,,none,tasa-cero,1,,,0,0,,,,,0,,,$433,Carne de Res,,,"http://localhost/meatindeed/wp-content/uploads/70012228.jpg, http://localhost/meatindeed/wp-content/uploads/70012228-2.jpg",,,,,,,,,,Peso aprox.,4.5 Kg,1,0,Calidad,,1,1,Marca, COMNOR ,1,1,Piezas,1,1,1
,,70012221,ARRACHERA MARINADA CONTRY ,1,0,visible,ARRACHERA MARINADA calidad Selecta.\nMarca: Comnor\nPeso Aproximado 3 k g.\n1 pieza,La Arrachera Marinada consiste en piezas individuales obtenidas  del músculo interno transversus abdominis (Inside skirt) por lo que es una corte fino muy suave y de gran sabor. ,,,none,tasa-cero,1,,,0,0,,,,,0,,,$480,Carne de Res,,,"http://localhost/meatindeed/wp-content/uploads/70012221.jpg, http://localhost/meatindeed/wp-content/uploads/70012221-2.jpg",,,,,,,,,,Peso aprox.,3 Kg,1,0,Calidad,,1,1,Marca, COMNOR ,1,1,Piezas,1,1,1
,,70012249,ARRACHERA CHEFS VIGAR,1,0,visible,ARRACHERA calidad Selecta Nacional.\nMarca: Vigar\nPeso Aproximado 1 k g.\n1 pieza,"La Arrachera Marinada marca Vigar, consiste en piezas individuales obtenidas  del músculo interno transversus abdominis (Inside skirt) por lo que es una corte fino muy suave y de gran sabor. Cada paquete pesa 1 kg aprox.",,,none,tasa-cero,1,,,0,0,,,,,0,,,$379,Carne de Res,,,"http://localhost/meatindeed/wp-content/uploads/70012249.jpg, http://localhost/meatindeed/wp-content/uploads/70012249-2.jpg",,,,,,,,,,Peso aprox.,1Kg,1,0,Calidad,,1,1,Marca,VIGAR,1,1,Piezas,1,1,1
,,70012226,ARRACHERA MARINADA REGIA ,1,0,visible,ARRACHERA MARINADA calidad Estandar Nacional.\nMarca: Rancho del Norte\nPeso Aproximado 3 k g.\n1 pieza,"La Arrachera Marinada marca Rancho Norte, consiste en piezas individuales obtenidas  del músculo interno transversus abdominis (Inside skirt) por lo que es una corte fino muy suave y de gran sabor. Cada paquete pesa 3 kg aprox.",,,none,tasa-cero,1,,,0,0,,,,,0,,,$219,Carne de Res,,,"http://localhost/meatindeed/wp-content/uploads/70012226.jpg, http://localhost/meatindeed/wp-content/uploads/70012226-2.jpg",,,,,,,,,,Peso aprox.,3 Kg,1,0,Calidad,,1,1,Marca, RANCHO DEL NORTE ,1,1,Piezas,1,1,1
,,70012266,ARRACHERA CHEFS,1,0,visible,ARRACHERA calidad Selecta Nacional.\nMarca: Vigar\nPeso Aproximado 600 g.\n1 pieza,"La Arrachera Marinada marca Vigar, consiste en piezas individuales obtenidas  del músculo interno transversus abdominis (Inside skirt) por lo que es una corte fino muy suave y de gran sabor. Cada paquete pesa 600 gm aprox.",,,none,tasa-cero,1,,,0,0,,,,,0,,,$378,Carne de Res,,,"http://localhost/meatindeed/wp-content/uploads/70012266.jpg, http://localhost/meatindeed/wp-content/uploads/70012266-2.jpg",,,,,,,,,,Peso aprox.,600 g,1,0,Calidad,,1,1,Marca, VIGAR ,1,1,Piezas,1,1,1
,,70013606,HAMBURGUESA 4 OZ GRILL ,1,0,visible,HAMBURGUESA calidad Estandar Nacional.\nMarca: Rancho del Norte\nPeso Aproximado 113 g.\n20 piezas por pedido,40 piezas de hamburguesa marca Rancho Norte. Cada una pesa 113 gm y el paquete completo pesa4.5 Kg. Excelente sabor y se puede descongelar por partes para mantener la textura.,,,none,tasa-cero,1,,,0,0,,,,,0,,,$213,Carne de Res,,,"http://localhost/meatindeed/wp-content/uploads/70013606.jpg, http://localhost/meatindeed/wp-content/uploads/70013606-2.jpg",,,,,,,,,,Peso aprox.,113 g,1,0,Calidad,,1,1,Marca, RANCHO DEL NORTE ,1,1,Piezas,20,1,1
,,70013604,HAMBURGUESA 4 OZ ESPECIAL,1,0,visible,HAMBURGUESA calidad Estandar Nacional.\nMarca: Rancho del Norte\nPeso Aproximado 113 g.\n20 piezas por pedido,,,,none,tasa-cero,1,,,0,0,,,,,0,,,$266,Carne de Res,,,"http://localhost/meatindeed/wp-content/uploads/70013604.jpg, http://localhost/meatindeed/wp-content/uploads/70013604-2.jpg",,,,,,,,,,Peso aprox.,113 g,1,0,Calidad,,1,1,Marca, RANCHO DEL NORTE ,1,1,Piezas,20,1,1
,,70013602,HAMBURGUESA 4 OZ CAB,1,0,visible,HAMBURGUESA calidad High Choice.\nMarca: Certified Angus Beef\nPeso Aproximado 113 g.\n20 piezas por pedido,,,,none,tasa-cero,1,,,0,0,,,,,0,,,$439,Carne de Res,,,"http://localhost/meatindeed/wp-content/uploads/70013602.jpg, http://localhost/meatindeed/wp-content/uploads/70013602-2.jpg",,,,,,,,,,Peso aprox.,113 g,1,0,Calidad,,1,1,Marca, CERTIFIED ANGUS BEEF ,1,1,Piezas,20,1,1
,,70013617,HAMBURGUESA 6 OZ ESPECIAL,1,0,visible,HAMBURGUESA calidad High Choice.\nMarca: Certified Angus Beef\nPeso Aproximado 170 g.\n14 piezas por pedido,,,,none,tasa-cero,1,,,0,0,,,,,0,,,$260,Carne de Res,,,"http://localhost/meatindeed/wp-content/uploads/70013617.jpg, http://localhost/meatindeed/wp-content/uploads/70013617-2.jpg",,,,,,,,,,Peso aprox.,170 g,1,0,Calidad,,1,1,Marca, RANCHO DEL NORTE ,1,1,Piezas,14,1,1
,,70013616,HAMBURGUESA 6 OZ CAB,1,0,visible,HAMBURGUESA calidad High Choice.\nMarca: Certified Angus Beef\nPeso Aproximado 170 g.\n14 piezas por pedido,,,,none,tasa-cero,1,,,0,0,,,,,0,,,$448,Carne de Res,,,"http://localhost/meatindeed/wp-content/uploads/70013616.jpg, http://localhost/meatindeed/wp-content/uploads/70013616-2.jpg",,,,,,,,,,Peso aprox.,170 g,1,0,Calidad,,1,1,Marca, CERTIFIED ANGUS BEEF ,1,1,Piezas,14,1,1
,,70013619,HAMBURGUESA 7.25 OZ CAB  ,1,0,visible,HAMBURGUESA calidad High Choice.\nMarca: Certified Angus Beef\nPeso Aproximado 205 g.\n12 piezas por pedido,,,,none,tasa-cero,1,,,0,0,,,,,0,,,$445,Carne de Res,,,"http://localhost/meatindeed/wp-content/uploads/70013619.jpg, http://localhost/meatindeed/wp-content/uploads/70013619-3.jpg, http://localhost/meatindeed/wp-content/uploads/70013619-3.jpg",,,,,,,,,,Peso aprox.,205 g,1,0,Calidad,,1,1,Marca, CERTIFIED ANGUS BEEF ,1,1,Piezas,12,1,1
,,70013624,HAMBURGUESA 8 OZ CAB ,1,0,visible,HAMBURGUESA calidad High Choice.\nMarca: Certified Angus Beef\nPeso Aproximado 227 g.\n10 piezas por pedido,,,,none,tasa-cero,1,,,0,0,,,,,0,,,$451,Carne de Res,,,"http://localhost/meatindeed/wp-content/uploads/70013624.jpg, http://localhost/meatindeed/wp-content/uploads/70013624-2.jpg, http://localhost/meatindeed/wp-content/uploads/70013624-3.jpg",,,,,,,,,,Peso aprox.,227 g,1,0,Calidad,,1,1,Marca, CERTIFIED ANGUS BEEF ,1,1,Piezas,10,1,1
,,70013627,HAMBURGUESA 8 OZ WAGYU AMER SR  ,1,0,visible,HAMBURGUESA calidad Wagyu Americana.\nMarca: Snake River Farms\nPeso Aproximado 227 g.\n10 piezas por pedido,,,,none,tasa-cero,1,,,0,0,,,,,0,,,$809,Carne de Res,,,"http://localhost/meatindeed/wp-content/uploads/70013627.jpg, http://localhost/meatindeed/wp-content/uploads/70013627-2.jpg, http://localhost/meatindeed/wp-content/uploads/70013627-3.jpg",,,,,,,,,,Peso aprox.,227 g,1,0,Calidad,,1,1,Marca, SNAKE RIVER FARMS ,1,1,Piezas,10,1,1
,,70013636,CARNE MOLIDA 80/20   CAB ,1,0,visible,CARNE MOLIDA calidad High Choice.\nMarca: Certified Angus Beef\nPeso Aproximado 4.5 g.\n1 pieza,,,,none,tasa-cero,1,,,0,0,,,,,0,,,$196,Carne de Res,,,"http://localhost/meatindeed/wp-content/uploads/70013636.jpg, http://localhost/meatindeed/wp-content/uploads/70013636-2.jpg",,,,,,,,,,Peso aprox.,4.5 Kg,1,0,Calidad,,1,1,Marca, CERTIFIED ANGUS BEEF ,1,1,Piezas,1,1,1
,,70013649,CARNE MOLIDA 81/19 IMP CAB,1,0,visible,CARNE MOLIDA calidad High Choice.\nMarca: Certified Angus Beef\nPeso Aproximado 4.5 g.\n1 pieza,,,,none,tasa-cero,1,,,0,0,,,,,0,,,$182,Carne de Res,,,"http://localhost/meatindeed/wp-content/uploads/70013649.jpg, http://localhost/meatindeed/wp-content/uploads/70013649-2.jpg, http://localhost/meatindeed/wp-content/uploads/70013649-3.jpg",,,,,,,,,,Peso aprox.,4.5 Kg,1,0,Calidad,,1,1,Marca, CERTIFIED ANGUS BEEF ,1,1,Piezas,1,1,1
,,70013642,CARNE MOLIDA 80/20 CHOICE,1,0,visible,CARNE MOLIDA calidad Choice.\nMarca: Comnor\nPeso Aproximado 4.5 g.\n1 pieza,,,,none,tasa-cero,1,,,0,0,,,,,0,,,$174,Carne de Res,,,"http://localhost/meatindeed/wp-content/uploads/70013642.jpg, http://localhost/meatindeed/wp-content/uploads/70013642-2.jpg",,,,,,,,,,Peso aprox.,4.5 Kg,1,0,Calidad,,1,1,Marca, COMNOR ,1,1,Piezas,1,1,1
,,70013647,CARNE MOLIDA 80/20 ESPECIAL,1,0,visible,CARNE MOLIDA calidad Estandar Nacional.\nMarca: Rancho del Norte\nPeso Aproximado 4.5 g.\n1 pieza,,,,none,tasa-cero,1,,,0,0,,,,,0,,,$137,Carne de Res,,,"http://localhost/meatindeed/wp-content/uploads/70013647.jpg, http://localhost/meatindeed/wp-content/uploads/70013647-2.jpg, http://localhost/meatindeed/wp-content/uploads/70013647-3.jpg",,,,,,,,,,Peso aprox.,4.5 Kg,1,0,Calidad,,1,1,Marca, RANCHO DEL NORTE ,1,1,Piezas,1,1,1
,,70013643,CARNE MOL  RES 80/20  ESPECIAL,1,0,visible,CARNE MOLIDA calidad Estandar Nacional.\nMarca: Rancho del Norte\nPeso Aproximado 4.5 g.\n1 pieza,,,,none,tasa-cero,1,,,0,0,,,,,0,,,$115,Carne de Res,,,"http://localhost/meatindeed/wp-content/uploads/70013643.jpg, http://localhost/meatindeed/wp-content/uploads/70013643-2.jpg, http://localhost/meatindeed/wp-content/uploads/70013643-3.jpg",,,,,,,,,,Peso aprox.,4.5 Kg,1,0,Calidad,,1,1,Marca, RANCHO DEL NORTE ,1,1,Piezas,1,1,1
,,70030001,LAMB RACK FRANCES,1,0,visible,LAMB RACK calidad Nueva Zelanda.\nMarca: Agneau\nPeso Aproximado 1 kg.\n1 pieza,,,,none,tasa-cero,1,,,0,0,,,,,0,,,$881,Carne de Cordero,,,"http://localhost/meatindeed/wp-content/uploads/70030001.jpg, http://localhost/meatindeed/wp-content/uploads/70030001-2.jpg, http://localhost/meatindeed/wp-content/uploads/70030001-3.jpg",,,,,,,,,,Peso aprox.,1 Kg,1,0,Calidad,,1,1,Marca, AGNEAU ,1,1,Piezas,1,1,1
,,70030000,LAMB RACK,1,0,visible,LAMB RACK  Marca: Taylor Preston\nPeso Aproximado 1.3 kg.\n1 pieza,,,,none,tasa-cero,1,,,0,0,,,,,0,,,$522,Carne de Cordero,,,"http://localhost/meatindeed/wp-content/uploads/70030000.jpg, http://localhost/meatindeed/wp-content/uploads/70030000-2.jpg",,,,,,,,,,Peso aprox.,1.3 Kg,1,0,Calidad,,1,1,Marca, TAYLOR PRESTON ,1,1,Piezas,1,1,1
,,70030003,PIERNA DE CORDERO C/H ,1,0,visible,PIERNA DE CORDERO calidad Nueva Zelanda.\nMarca: Agneau\nPeso Aproximado 7.5 kg.\n1 pieza,,,,none,tasa-cero,1,,,0,0,,,,,0,,,$365,Carne de Cordero,,,"http://localhost/meatindeed/wp-content/uploads/70030003.jpg, http://localhost/meatindeed/wp-content/uploads/70030003-3.jpg",,,,,,,,,,Peso aprox.,7.5 Kg,1,0,Calidad,,1,1,Marca, NEW ZELAND SPRING LAMB ,1,1,Piezas,1,1,1
,,70060000,PATO ,1,0,visible,PATO  Marca: Maple Leaf\nPeso Aproximado 2.5 kg.\n1 pieza,,,,none,tasa-cero,1,,,0,0,,,,,0,,,$183,Aves,,,"http://localhost/meatindeed/wp-content/uploads/70060000.jpg, http://localhost/meatindeed/wp-content/uploads/70060000-2.jpg, http://localhost/meatindeed/wp-content/uploads/70060000-3.jpg",,,,,,,,,,Peso aprox.,2.5 Kg,1,0,Calidad,,1,1,Marca, MAPLE LEAF ,1,1,Piezas,1,1,1
,,70060002,PECHUGA DE PATO,1,0,visible,PECHUGA DE PATO Marca: Maple Leaf\nPeso Aproximado 875 g.\n1 pieza,,,,none,tasa-cero,1,,,0,0,,,,,0,,,$742,Aves,,,"http://localhost/meatindeed/wp-content/uploads/70060002.jpg, http://localhost/meatindeed/wp-content/uploads/70060002-2.jpg, http://localhost/meatindeed/wp-content/uploads/70060002-3.jpg",,,,,,,,,,Peso aprox.,875 g,1,0,Calidad,,1,1,Marca, MAPLE LEAF ,1,1,Piezas,1,1,1
,,70020009,VEAL TOP ROUND LIMPIA,1,0,visible,VEAL RACK Marca: Provimi\nPeso Aproximado 2.5 kg.\n1 pieza,,,,none,tasa-cero,1,,,0,0,,,,,0,,,"$1,032",Carne de Res,,,"http://localhost/meatindeed/wp-content/uploads/70020009.jpg, http://localhost/meatindeed/wp-content/uploads/70020009-2.jpg",,,,,,,,,,Peso aprox.,2.5 Kg,1,0,Calidad,,1,1,Marca, PROVIMI ,1,1,Piezas,1,1,1
,,70020018,VEAL CHOP 10 OZ FRANCES,1,0,visible,VEAL CHOP Marca: Provimi\nPeso Aproximado 283 g.\n3 piezas por pedido,,,,none,tasa-cero,1,,,0,0,,,,,0,,,"$1,228",Carne de Res,,,"http://localhost/meatindeed/wp-content/uploads/70020018.jpg, http://localhost/meatindeed/wp-content/uploads/70020018-2.jpg",,,,,,,,,,Peso aprox.,283 g,1,0,Calidad,,1,1,Marca, PROVIMI ,1,1,Piezas,3,1,1
,,70040026,PORK RACK KUROBUTA SRF,1,0,visible,PORK RACK KUROBUTA calidad Wagyu Americana.\nMarca: Snake River Farms\nPeso Aproximado 3.85 kg.\n1 pieza,,,,none,tasa-cero,1,,,0,0,,,,,0,,,"$2,220",Carne de Cerdo,,,"http://localhost/meatindeed/wp-content/uploads/70040026.jpg, http://localhost/meatindeed/wp-content/uploads/70040026-2.jpg",,,,,,,,,,Peso aprox.,3.85 Kg,1,0,Calidad,,1,1,Marca, SNAKE RIVER FARMS ,1,1,Piezas,1,1,1
,,70070000,FILETE DE SALMON PREMIUM,1,0,visible,,,,,none,tasa-cero,1,,,0,0,,,,,0,,,$808,Pescados,,,"http://localhost/meatindeed/wp-content/uploads/70070000.jpg, http://localhost/meatindeed/wp-content/uploads/70070000-2.jpg, http://localhost/meatindeed/wp-content/uploads/70070000-3.jpg",,,,,,,,,,Peso aprox.,1.8 Kg,1,0,Calidad,,1,1,Marca,,1,1,Piezas,1,1,1
,,70070006,MEDALLON ATUN 8 OZ,1,0,visible,,,,,none,tasa-cero,1,,,0,0,,,,,0,,,$64,Pescados,,,"http://localhost/meatindeed/wp-content/uploads/70070006.jpg, http://localhost/meatindeed/wp-content/uploads/70070006-2.jpg",,,,,,,,,,Peso aprox.,227 g,1,0,Calidad,,1,1,Marca,,1,1,Piezas,1,1,1
,,180,JAMON SERRANO SAN RAFAEL,1,0,visible,,,,,none,tasa-cero,1,,,0,0,,,,,0,,,$97,Carnes Frías,,,http://localhost/meatindeed/wp-content/uploads/180.jpg,,,,,,,,,,Peso aprox.,100 g,1,0,Calidad,,1,1,Marca,,1,1,Piezas,1,1,1
,,5195,JAMON SERRANO TANGAMANGA,1,0,visible,,,,,none,tasa-cero,1,,,0,0,,,,,0,,,$42,Carnes Frías,,,http://localhost/meatindeed/wp-content/uploads/5195.jpg,,,,,,,,,,Peso aprox.,100 g,1,0,Calidad,,1,1,Marca,,1,1,Piezas,1,1,1
,,5194,JAMON SERRANO A GRANEL,1,0,visible,,,,,none,tasa-cero,1,,,0,0,,,,,0,,,"$2,180",Carnes Frías,,,http://localhost/meatindeed/wp-content/uploads/5195.jpg,,,,,,,,,,Peso aprox.,5.6 Kg,1,0,Calidad,,1,1,Marca,,1,1,Piezas,1,1,1
,,5170,LOMO CANADIENSE ,1,0,visible,,,,,none,tasa-cero,1,,,0,0,,,,,0,,,$249,Carnes Frías,,,http://localhost/meatindeed/wp-content/uploads/5170.jpg,,,,,,,,,,Peso aprox.,800 g,1,0,Calidad,,1,1,Marca,,1,1,Piezas,1,1,1
,,17596,LOMO AHUMADO ,1,0,visible,,,,,none,tasa-cero,1,,,0,0,,,,,0,,,$108,Carnes Frías,,,http://localhost/meatindeed/wp-content/uploads/17596.jpg,,,,,,,,,,Peso aprox.,200 g,1,0,Calidad,,1,1,Marca,,1,1,Piezas,1,1,1
,,4950,CHORIZO ESPAÑOL ,1,0,visible,,,,,none,tasa-cero,1,,,0,0,,,,,0,,,$26,Carnes Frías,,,http://localhost/meatindeed/wp-content/uploads/4950.jpg,,,,,,,,,,Peso aprox.,100 g,1,0,Calidad,,1,1,Marca,,1,1,Piezas,1,1,1
,,116,PECHUGA DE PAVO VIRGINIA ,1,0,visible,,,,,none,tasa-cero,1,,,0,0,,,,,0,,,$62,Carnes Frías,,,http://localhost/meatindeed/wp-content/uploads/116.jpg,,,,,,,,,,Peso aprox.,259 g,1,0,Calidad,,1,1,Marca,,1,1,Piezas,1,1,1
,,12,PECHUGA DE PAVO,1,0,visible,,,,,none,tasa-cero,1,,,0,0,,,,,0,,,$79,Carnes Frías,,,http://localhost/meatindeed/wp-content/uploads/12.jpg,,,,,,,,,,Peso aprox.,250 g,1,0,Calidad,,1,1,Marca,,1,1,Piezas,1,1,1
,,294,SALCHICHA PAVO 500 GRS,1,0,visible,,,,,none,tasa-cero,1,,,0,0,,,,,0,,,$51,Carnes Frías,,,http://localhost/meatindeed/wp-content/uploads/294.jpg,,,,,,,,,,Peso aprox.,500 g,1,0,Calidad,,1,1,Marca,,1,1,Piezas,1,1,1
,,890,SALCHICHA HOT DOG,1,0,visible,,,,,none,tasa-cero,1,,,0,0,,,,,0,,,$84,Carnes Frías,,,http://localhost/meatindeed/wp-content/uploads/890.jpg,,,,,,,,,,Peso aprox.,1 Kg,1,0,Calidad,,1,1,Marca,,1,1,Piezas,1,1,1
,,380,SALCHICHA JUMBO,1,0,visible,,,,,none,tasa-cero,1,,,0,0,,,,,0,,,$121,Carnes Frías,,,http://localhost/meatindeed/wp-content/uploads/380.jpg,,,,,,,,,,Peso aprox.,454 g,1,0,Calidad,,1,1,Marca,,1,1,Piezas,1,1,1
,,307,SALCHICHA PARA ASAR,1,0,visible,,,,,none,tasa-cero,1,,,0,0,,,,,0,,,$65,Carnes Frías,,,http://localhost/meatindeed/wp-content/uploads/307.jpg,,,,,,,,,,Peso aprox.,800 g,1,0,Calidad,,1,1,Marca,,1,1,Piezas,1,1,1
,,10878,QUESO PANELA CREMOSO ,1,0,visible,,,,,none,tasa-cero,1,,,0,0,,,,,0,,,$108,Quesos,,,http://localhost/meatindeed/wp-content/uploads/10878.jpg,,,,,,,,,,Peso aprox.,1 Kg,1,0,Calidad,,1,1,Marca,,1,1,Piezas,1,1,1
,,8150,QUESO PANELA ,1,0,visible,,,,,none,tasa-cero,1,,,0,0,,,,,0,,,$242,Quesos,,,"http://localhost/meatindeed/wp-content/uploads/8150.jpg, http://localhost/meatindeed/wp-content/uploads/8150-2.jpg",,,,,,,,,,Peso aprox.,1.8 Kg,1,0,Calidad,,1,1,Marca,,1,1,Piezas,1,1,1
,,10506,QUESO PANELA CREMOSO ,1,0,visible,,,,,none,tasa-cero,1,,,0,0,,,,,0,,,$383,Quesos,,,http://localhost/meatindeed/wp-content/uploads/10506.jpg,,,,,,,,,,Peso aprox.,2.2 Kg,1,0,Calidad,,1,1,Marca,,1,1,Piezas,1,1,1
,,8033,QUESO OAXACA ,1,0,visible,,,,,none,tasa-cero,1,,,0,0,,,,,0,,,$81,Quesos,,,http://localhost/meatindeed/wp-content/uploads/8033.jpg,,,,,,,,,,Peso aprox.,400 g,1,0,Calidad,,1,1,Marca,,1,1,Piezas,1,1,1
,,10518,QUESO OAXACA 3KG ,1,0,visible,,,,,none,tasa-cero,1,,,0,0,,,,,0,,,$623,Quesos,,,http://localhost/meatindeed/wp-content/uploads/10518.jpg,,,,,,,,,,Peso aprox.,3 Kg,1,0,Calidad,,1,1,Marca,,1,1,Piezas,1,1,1
,,10538,QUESO MANCHEGO REBANADO ,1,0,visible,,,,,none,tasa-cero,1,,,0,0,,,,,0,,,$97,Quesos,,,http://localhost/meatindeed/wp-content/uploads/10538.jpg,,,,,,,,,,Peso aprox.,400g,1,0,Calidad,,1,1,Marca,,1,1,Piezas,1,1,1
,,8206,MANCHEGO REBANADO 800G ,1,0,visible,,,,,none,tasa-cero,1,,,0,0,,,,,0,,,$172,Quesos,,,http://localhost/meatindeed/wp-content/uploads/8206.jpg,,,,,,,,,,Peso aprox.,800 g,1,0,Calidad,,1,1,Marca,,1,1,Piezas,1,1,1
,,8077,QUESO GOUDA REBANADO,1,0,visible,,,,,none,tasa-cero,1,,,0,0,,,,,0,,,$368,Quesos,,,http://localhost/meatindeed/wp-content/uploads/8077.jpg,,,,,,,,,,Peso aprox.,1.944 Kg,1,0,Calidad,,1,1,Marca,,1,1,Piezas,1,1,1
,,70011333,RIB EYE ROLL 11OZ CAB,1,0,visible,,,,,none,tasa-cero,1,,,0,0,,,,,0,,,"$1,069",Carne de Res,,,"http://localhost/meatindeed/wp-content/uploads/70011333.jpg, http://localhost/meatindeed/wp-content/uploads/70011333-2.jpg",,,,,,,,,,Peso aprox.,310kg,1,0,Calidad,,1,1,Marca,,1,1,Piezas,3,1,1